-- phpMyAdmin SQL Dump
-- version 4.9.10
-- https://www.phpmyadmin.net/
--
-- Servidor: db5010045010.hosting-data.io
-- Tiempo de generación: 01-07-2023 a las 02:48:13
-- Versión del servidor: 10.5.17-MariaDB-1:10.5.17+maria~deb11-log
-- Versión de PHP: 7.0.33-0+deb9u12

SET SQL_MODE = "NO_AUTO_VALUE_ON_ZERO";
SET AUTOCOMMIT = 0;
START TRANSACTION;
SET time_zone = "+00:00";


/*!40101 SET @OLD_CHARACTER_SET_CLIENT=@@CHARACTER_SET_CLIENT */;
/*!40101 SET @OLD_CHARACTER_SET_RESULTS=@@CHARACTER_SET_RESULTS */;
/*!40101 SET @OLD_COLLATION_CONNECTION=@@COLLATION_CONNECTION */;
/*!40101 SET NAMES utf8mb4 */;

--
-- Base de datos: `dbs8515335`
--

-- --------------------------------------------------------

--
-- Estructura de tabla para la tabla `cliente`
--

CREATE TABLE `cliente` (
  `id_cliente` int(11) NOT NULL,
  `nit` varchar(20) DEFAULT NULL,
  `nombre` varchar(200) NOT NULL,
  `apellidos` varchar(45) DEFAULT '',
  `direccion` varchar(80) DEFAULT NULL,
  `email` varchar(200) DEFAULT NULL
) ENGINE=InnoDB DEFAULT CHARSET=utf8mb4;

--
-- Volcado de datos para la tabla `cliente`
--

INSERT INTO `cliente` (`id_cliente`, `nit`, `nombre`, `apellidos`, `direccion`, `email`) VALUES
(1, '528558', 'CARLOS ANTONIO RUIZ DIAZ', '', 'MORALES IZABAL', ''),
(2, '5258859', 'JULIO ARMANDO MEDRANO DUARTE', '', 'EL ESTOR IZABAL', ''),
(3, '3434344', 'PEDRO ARMANDO', '', 'BARRIO EL TALLER RIO DULCE', NULL),
(4, '5858585', 'MIGUEL ANGEL SALVADOR BERNAL', '', 'RIO DULCE', ''),
(5, '34635963', 'HENRY GEOVANNI MOLINA VERNALES  ', '', 'ALDEA FRONTERAS RIO DULCE LIVINGSTON IZABAL', ''),
(6, '58748785', 'CARLOS ARTURO RUANO MEJIA', '', 'ALDEA BUENA VISTA LIVINGSTON IZABAL', ''),
(7, 'CF', 'PEDRO ANTONIO GUERRA ORTIZ', '', 'ALDEA CAYO QUEMADO LIVINGSTON IZABAL', ''),
(8, '6895485', 'WILIAN ANTONIO SALVADOR BERNAL', '', 'BARRIO SAN JOSE RIO DULCE livingston', ''),
(9, '57814392', 'FELIPE', '', 'ALDEA SAN ANTONIO SEJA LIVINGSTON IZABAL', NULL),
(10, '94020671', 'SANDRA NOEMI QUEJ MAQUIN', '', 'ALDEA SAN FELIPE DE LARA LIVINGSTON IZABAL', ''),
(11, '82859035', 'ADAN URIAS MEDINA GUAJAN', '', 'ALDEA FRONTERAS RIO DULCE LIVINGSTON IZABAL', ''),
(12, '63078155', 'EDGAR RAMIRO MOLINEROS CHUB', '', 'ALDEA MODESTO MENDEZ LIVINGSTON IZABAL', ''),
(13, '37413872', 'ALICIA CHEN CHUN', '', 'ALDEA SUMACH LIVINGSTON IZABAL', ''),
(14, '15810925', 'JORGE ROBERTO TIUL CHE', '', 'ALDEA BUENOS AIRE, LIVINGSTON', ''),
(15, 'CF', 'ADRIANA JULISA PACHECO ESPINALES', '', 'ALDEA BUENOS AIRES, LIVINGSTON', ''),
(16, '48806838', 'VILMA ARACELY  ORELLANA RAMOS', '', 'ALDEA FRONTERAS RIO DULCE ', ''),
(17, '96295902', 'HENRY  POLANCO ESPINO', '', 'RIO DULCE', ''),
(18, '96295902', 'HENRY', '', 'FRONTERAS RIO DULCE', NULL),
(19, '31255736', 'RICARDO  CHOC IXIM', '', 'ALDEA SEPEMECHILA', ''),
(20, '39067564', 'CARLOS ENRIQUE  MOLINEROS  CHUB', '', 'PUERTO MODESTO MENDEZ ', ''),
(21, 'CF', 'ENEAS MEJIA', '', 'RIO DULCE', ''),
(22, '8869999K', 'JULIA JUDITH CHUC ICAL', '', 'ALDEA SAN ANTONIO SEJA LIVINGSTON IZABAL', ''),
(23, 'CF', 'JORGE NAJERA', '', 'CIUDAD', ''),
(24, 'CF', 'CARLOS HUMBERTO PEREZ ESCALANTE', '', 'RIO DULCE', ''),
(25, 'CF', 'MARCELINO TZI', '', 'RIO DULCE', ''),
(26, 'CF', 'HECTOR BAC POP', '', 'ALDEA LA COROZA LIVINGSTON IZABAL', ''),
(27, 'CF', 'MARIA ADELA  PEREZ SORIANO', '', 'RIO DULCE', ''),
(28, '92783678', 'ALFREDO MAQUIN XOL', '', 'ALDEA MONTE CARMELO', ''),
(29, '87373270', 'WENDY RUBI SICAJOL LEMUS', '', 'SAN FELIPE DE LARA LIVINGSTON IZABAL', ''),
(30, '99548313', 'SUARLIN RENE GUAJAN MEJIA', '', 'RIO DULCE', ''),
(31, 'CF', 'SANTOS BRIGIDO PINEDA ORTIZ', '', 'MAYUELAS GUALAN ZACAPA', ''),
(32, 'CF', 'MILVIA JUDITH CABRERA', '', 'ALDEA EL MILARGRO', 'hackerdeon@gmail.com'),
(33, '1547366K', 'TALLER FLORES ', '', 'RIO DULCE', ''),
(34, '50569457', 'GLORIA ELIZABETH  REYES ANTONIO', '', 'ALDEA PARACAIDISTA ', ''),
(35, '2255618', 'ABEL RAMIREZ', '', 'SAN FELIPE DE LARA', ''),
(36, '20331576', 'FREDY NEFTALI INTERIANO LOPEZ', '', 'BARRIO EL RELLENO RIO DULCE', ''),
(37, 'CF', 'FREDY SIRIACO RUIZ POZO', '', 'ALDEA LA ESMERALDA LIVINGSTON IZABAL', ''),
(38, '24065870', 'EL TOQUE FINAL', '', 'RIO DULCE', ''),
(39, 'CF', 'CESILIA DE CALDERON', '', 'CHAHAL ALTA VERAPAZ', ''),
(40, 'CF', 'MOISES BARRIENTOS', '', 'RIO DULCE', ''),
(41, '101170718', 'GRUPO EK CHUAH SOCIEDAD ANONIMA', '', '3ERA AVENIDA CASA 28-C JARDINES DE ANTIGUA, ANTIGUA', ''),
(42, 'CF', 'CARLOS  GUERRA', '', 'PARCELAMIENTO CENTRO II COATEPEQUE', ''),
(43, '79497815', 'AGROMAR NO. 2', '', 'EL ESTOR IZABAL', ''),
(44, 'CF', 'WILIAN GONZALEZ', '', 'MORALES IZABAL', ''),
(45, '547825', 'DENNIS RYAN', '', 'SAN FELIPE DE LARA', ''),
(46, 'CF', 'FINCA CANARIAS', '', 'CIUDAD', ''),
(47, 'CF', 'IGLESIA BAUTISTA/JULIO CHEN CAAL', '', 'ALDEA NUEVA LAS TORTUGAS', ''),
(48, '81562667', 'MACARIO RAX TUN', '', 'ALDEA NUEVO NACIMIENTO CALIZ', ''),
(49, '5258687', 'MANSION DEL RIO', '', 'SAN FELIPE DE LARA', ''),
(50, 'CF', 'ANDRES CHALIB /CONAP', '', 'SAN ANTONIO SEJA', ''),
(51, 'CF', 'MIGUEL ANGEL MAQUIN', '', 'ALDEA SAN ANTONIO SEJA LIVINGSTON', ''),
(52, '1541226', 'RAFAEL JOSE MINONDO GARCIA', '', 'CIUDAD', ''),
(53, '87375214', 'MIRNA ELIZABETH ACEVEDO CORDON', '', 'ALDEA CERRITOS MORALES IZABAL', ''),
(54, 'CF', 'ANDREA YAT XOL', '', 'FRONTERAS RIO DULCE', ''),
(55, 'CF', 'HECTOR CARPIO', '', 'RIO DULCE', ''),
(56, 'CF', 'LUDWIN ACEITUNO', '', 'RIO DULCE', ''),
(57, 'CF', 'MEDARDO  LOPEZ MAYEDO', '', 'MORALES IZABAL', ''),
(58, 'CF', 'INVERSIONES AGROFORESTALES REGENERATIVAS S.A', '', 'CIUDAD', ''),
(59, 'CF', 'JOSE ARDON', '', 'SAN FELIPE', ''),
(60, '37380494', 'TIJAX ECOTURISMO S.A', '', 'RIO DULCE', ''),
(61, 'CF', 'GARY WILLIS', '', 'RIO DULCE', ''),
(62, 'CF', 'ROSA RAMIREZ', '', 'SAN ANTONIO SEJA SECTOR IGLESIA NAZARENO', ''),
(63, 'CF', 'CARLOS MATUL', '', 'MAYUELAS GUALAN ZACAPA', ''),
(64, '109270134', 'JAZMIN JULISA DIAZ PEREZ', '', 'BARRIO EL RELLENO RIO DULCE A LA PAR DE VIDALES', ''),
(65, '23128844', 'ASOCIACION AK\' TENAMIT', '', 'ALDEA BARRA LAMPARA LIVINGSTON IZABAL', ''),
(66, 'CF', 'JUAN CARLOS CAAL', '', 'SAN FELIPE', ''),
(67, 'CF', 'LOTARIO AJCAL CHEN', '', 'RIO SUMACHITO', ''),
(68, 'CF', 'ALBERTO ESTRADA', '', 'RIO DULCE', ''),
(69, 'CF', 'JORGE CALDERON', '', 'CIUDAD', ''),
(70, '89435702', 'ARLEEN GABRIELA LOPEZ PEREZ', '', 'RIO DULCE ', ''),
(71, 'CF', 'MARTA JULIA MOSCOSO', '', 'SAN JOSE BUENA VISTA', ''),
(72, 'CF', 'ISRAEL GARCIA', '', 'RIO DULCE', ''),
(73, 'CF', 'VICENTE MAQUIN', '', 'BARRIO LA CUCHILLA RIO DULCE', ''),
(74, 'CF', 'COROZAL S.A', '', 'CIUDAD', ''),
(75, '22539786', 'GLENDA MARLENY ORTEGA SUCHITE', '', 'BARRIO SAN JOSE RIO DULCE LIVINGSTON IZABAL', ''),
(76, '44143060', 'ECOLOGIC DEVELOPMENT FUND', '', 'CIUDAD', ''),
(77, 'CF', 'JUAN ANTONIO DARDON', '', 'MORALAES IZABAL', ''),
(78, 'CF', 'ALBERTO MARROQUIN', '', 'CAYO QUEMADO', ''),
(79, 'CF', 'LUCAS MENDOZA CHURRASQUERIA GUADALUPE', '', 'RIO DULCE', ''),
(80, 'CF', 'CHURRASQUERIA CHUSIN', '', 'RIO DULCE', ''),
(81, '29020468', 'EVELIN MARIBEL BARRIENTOS ESCOBAR', '', 'RIO DULCE LIVINGSTON IZABAL', ''),
(82, 'CF', 'PEDRO XUC COC', '', 'ALDEA QUEBRADA SECA', ''),
(83, 'CF', 'JOSE GARCIA', '', 'RIO DULCE', ''),
(84, 'CF', 'EDWIN LEMUS', '', 'EL ESTOR IZABAL', ''),
(85, ' CF', 'NOE MARTINEZ', '', 'RIO DULCE', ''),
(86, 'CF', 'DANILO SALVADOR RAMIREZ', '', 'CADENAS LIVINGSTON IZABAL', ''),
(87, 'CF', 'VICTOR GUDIEL VICENTE CARRETO', '', 'BENQUE EL AMATILLO', ''),
(88, 'CF', 'ADRIAN PAN ICAL', '', 'ALDEA CHACALTE', ''),
(89, 'CF', 'LUIS COY', '', 'ALDEA SUMACH LIVINGSTON', ''),
(90, 'CF', 'EDGAR LEON', '', 'CADENAS', ''),
(91, 'CF', 'JOSELINE ORELLANA', '', 'RIO DULCE', ''),
(92, 'CF', 'WILIAN GONZALEZ', '', 'MORALES IZABAL', ''),
(93, '106570609', 'CBP S.A', '', 'CALLE PRINCIPAL RIACHUELO ZONA 0 MORALES IZABAL', ''),
(94, '31451012', 'INGRID DUBON GALDAMEZ', '', 'ALDEA BUENOS AIRES LIVINGSTON IZABAL', ''),
(95, 'CF', 'GADDY BARRERA', '', 'RIO DULCE', ''),
(96, 'CF', 'ISRAEL POP', '', 'ALDEA CACAHUILA', ''),
(97, 'CF', 'GAMALIEL MALDONADO', '', 'CIUDAD', ''),
(98, '48798959', 'SINDI SAMARA LINARES SUCHITE', '', 'ALDEA BUENOS AIRES LIVINGSTON IZABAL', ''),
(99, 'CF', 'ALBERTO AVALOS', '', 'RIO DULCE', ''),
(100, 'CF', 'ALFONSO DE LEON', '', 'ALDEA LOTE 6 LIVINGSTON IZABAL', ''),
(101, 'CF', 'FREDY ENRIQUEZ', '', 'RIO DULCE', ''),
(102, 'CF', 'IGLESIA PRINCIPE DE PAZ', '', 'ALDEA SUMACH', ''),
(103, '50569384', 'CARLOS ENRIQUE  RAMIREZ PEREZ', '', 'ALDEA LOS PARACAIDISTAS LIVINGSTON IZABAL', ''),
(104, '80261272', 'ADELA  MAYDE ICH SANDOVAL', '', 'ALDEA SAN FELIPE DE LARA LIVINGSTON IZABAL', ''),
(105, 'CF', 'MARTIN LOSEN', '', 'CIUDAD', ''),
(106, 'CF', 'EBED FOLGAR', '', 'CIUDAD', ''),
(107, '15350207', 'MARIA ELIZA ESTRADA REYES DE SIERRA', '', 'ALDEA FRONTERAS RIO DULCE, LIVINGSTON IZABAL', ''),
(108, '101374860', 'LOURDES GUADALUPE MARROQUIN DE CHITAY', '', 'RIO DULCE LIVINGSTON IZABAL', ''),
(109, '62342622', 'GREYSI YESENIA PEREZ DE VICENTE', '', 'ALDEA FRONTERAS RIO DULCE LIVINGSTON IZABAL', ''),
(110, 'CF', 'MARLON ALVARADO', '', 'RIO DULCE', 'hackerdeon@gmail.com'),
(111, 'CF', 'JOSE LUIS GUTIERREZ ALDANA', '', 'CADENAS', ''),
(112, 'CF', 'LUIS FLORES', '', 'RIO DULCE', ''),
(113, '26061538', 'SILVIA PATRICIA ZULETA DE ONOFRE', '', 'ALDEA CHOH CHOC, LIVINGSTON', ''),
(114, 'CF', 'CARLOS ARMANDO', '', 'CIUDAD', ''),
(115, '25893696', 'ALFONSO ORELLANA SIS', '', 'FRONTERAS RIO DULCE LIVINGSTON IZABAL', ''),
(116, '27338061', 'LEWIS MANOLO ZELADA CARRANZA', '', 'RIO DULCE LIVINGSTON IZABAL', ''),
(117, 'CF', 'ARMANDO MILLA', '', 'RIO DULCE', ''),
(118, '2065283881802', 'RAFAEL AUGUSTO GARCIA SUCHITE', '', 'ALDEA LAS FLORES DE SEJA LIVINGSTON', ''),
(119, '97826901', 'ROSA ELVIRA QUEZADA RAMOS', '', 'ALDEA LAS FLORES DE SEJA LIVINGSTON', ''),
(120, 'CF', 'SONIA MARIBEL ESPAÑA', '', 'ALDEA SAN ANTONIO SEJA', ''),
(121, 'CF', 'JORGE ESTRADA', '', 'BARRIO LA ESCUELA RIO DULCE', ''),
(122, 'CF', 'ELDER HERNANDEZ', '', 'BUENOS AIRES LIVINGSTON IZABAL', ''),
(123, '88745228', 'MARVIN LEONEL PORTILLO CHANG', '', 'ALDEA CHOCON LIVINGSTON IZABAL', ''),
(124, 'CF', 'NERY GUAJAN', '', 'RIO DULCE', ''),
(125, '93489226', 'OLMER VITELIO PÉREZ GONZALEZ', '', 'ALDEA FRONTERAS RIO DULCE', ''),
(126, 'CF', 'MAYNOR MAQUIN', '', 'ALDEA LAS PACAYAS LIVINGSTON IZABAL', ''),
(127, '97306363', 'LUIS RONALDO VILLEDA VIDAL', '', 'ALDEA PARACAIDISTA, LIVINGSTON ', ''),
(128, 'CF', 'JOEL FOLGAR', '', 'SAN ANTONIO SEJA', ''),
(129, 'CF', 'EQUIPOS DEL RIO', '', 'RIO DULCE', ''),
(130, 'CF', 'LOLA CABNAL', '', 'PUNTARENAS', ''),
(131, 'CF', 'HERMELINDO RAX', '', 'ALDEA SAN MARCOS', ''),
(132, '37412434', 'HACKELINNE ORELLANA DE CAAL', '', 'ALDEA SAN ANTONIO SEJA LIVINGSTON IZABAL', ''),
(133, '37412434', 'JACKELINNE ORELLANA DE CAAL', '', 'SAN ANTONIO SEJA', ''),
(134, '37412434', 'JACKELINE ORELLANA DE CAAL', '', 'SAN ANTONIO SEJA', ''),
(135, '97306363', 'LUIS RONALDO VILLEDA VIDAL', '', 'ALDEA PARACAIDISTA', ''),
(136, 'CF', 'LUIS FLORES MOTOEQUIPOS', '', 'CALLE PRINCIPAL, FRONTERAS RIO DULCE', ''),
(137, 'CF', 'NELSON GUTIERREZ', '', 'ALDEA CHOCON', ''),
(138, '37375636', 'FRANCISCO HERNANDEZ SON', '', 'ALDEA SEMOX LIVINGSTON', ''),
(139, '93617186', 'LUCIA HERMELINDA GUTIERREZ GUA', '', 'RIO DULCE ', ''),
(140, 'CF', 'TERESA CRISANTA DE LEON XOL', '', 'ALDEA SAN ANTONIO SEJA', ''),
(141, '2409109K', 'KARINA ELIZABETH BARRIENTOS ESCOBAR', '', 'RIO DULCE LIVINGSTON IZABAL', ''),
(142, '24066141', 'VANESSA VIVIANA DUBON VASQUEZ DE GUTIERREZ', '', 'ALDEA BUENOS AIRES, LIVINGSTON IZABAL', ''),
(143, 'CF', 'SOLARES DE JUTIAPA S.A', '', 'CIUDAD', ''),
(144, '734368K', 'FEDERICO ADALBERTO FLORES ORELLANA ', '', 'ALDEA FRONTERAS RIO DULCE LIVINGSTON IZABAL', 'hondariodulce@gmail.com'),
(145, 'CF', 'OTTO RENE GARCIA', '', 'SEJA', ''),
(146, 'CF', 'JOSUE MEJIA', '', 'EL NARANJO', ''),
(147, 'CF', 'JOSEFINA MOHULDS', '', 'BARRIO EL ESFUERZO RIO DULCE', ''),
(148, 'CF', 'MANUEL CAAL', '', 'SAN FELIPE', ''),
(149, '85664944', 'ELIO TIMOTEO  TZIR CUCUL', '', 'ALDEA SECAXTE LIVINGSTON IZABAL', ''),
(150, 'CF', 'OSCAR CAAL AJCAL', '', 'ALDEA EL TUNICO FRENTE A ENTRADA A LA FINCA', ''),
(151, '57461392', 'RICARDO CHUB CABNAL', '', 'BARRIO NUEVO CRIKE CHINO LIVINGSTON', ''),
(152, 'CF', 'ERCY ANAYELY MENDOZA VICENTE', '', 'RIO DULCE', ''),
(153, '2928998K', 'MARIA DOLORES VASQUEZ RAYMUNDO', '', 'BARRIO LA ESCUELA RIO DULCE', ''),
(154, '53969197', 'WILIAM DAVID LOPEZ RIVERA', '', 'ALDEA SAN FELIPE DE LARA SECTOR IGLESIA CATOLICA', ''),
(155, 'CF', 'JUAN CARLOS CHOLOM', '', 'RIO DULCE', ''),
(156, 'CF', 'TALLER TULIO', '', 'POPTUN PETEN', ''),
(157, 'CF', 'SANDRA ELIZABETH CALEL SEP', '', 'BARRIO SAN JOSE LIVINGSTON', ''),
(158, '36848530', 'GILDA JASMINY CRUZ ALDANA', '', 'BARRIO LA ESCUELA RIO DULCE', ''),
(159, '75275333', 'NELSON ISAI  CHACON AVILA', '', 'RIO DULCE', ''),
(160, '102486700', 'BEVERLY MARYCRUZ MENENDEZ ALDANA', '', 'ALDEA FRONTERAS RIO DULCE', ''),
(161, '73450316', 'VILMA YUSELY  MEJIA PADILLA DE HERNANDEZ', '', 'ALDEA FRONTERAS RIO DULCE ', ''),
(162, 'CF', 'PEDRO SANTOS ARCHILA', '', 'SAN ANTONIO SEJA', 'henrymolina@outlook.com'),
(163, 'CF', 'FINCA LA GLORIA / RAFAEL MORALES', '', 'CIUDAD', ''),
(164, 'CF', 'KEVIN CARRERA', '', 'RIO DULCE', ''),
(165, 'CF', 'MAYNOR ARGUETA', '', 'ALDEA LOS ANGELES LVINGSTON', NULL),
(166, 'CF', 'LUIS PRAXIS', '', 'RIO DULCE', ''),
(167, '59171863', 'EQUIPOS DEL RIO SOCIEDAD ANONIMA  ', '', 'CENTRO COMERCIAL PORTAL DEL RIO RIO DULCE LIVINGSTON', ''),
(168, 'CF', 'WILIAN ANTONIO BERNAL ', '', 'RIO DULCE', 'hackerdeon@gmail.com'),
(169, 'CF', 'MARIO RECINOS ', '', 'RIO DULCE', ''),
(170, 'CF', 'PEDRO RUIZ ', '', 'CIUDAD', ''),
(171, 'CF', 'MARIA ANDREA DOMINGUEZ ', '', 'CIUDAD', ''),
(172, 'CF', 'MARIA ANDREA DOMINGUEZ ', '', 'CIUDAD', ''),
(173, 'CF', 'MARIA ANDREA DOMINGUEZ ', '', 'CIUDAD', ''),
(174, 'CF', 'MARIA ANDREA DOMINGUEZ ', '', 'CIUDAD', ''),
(175, 'CF', 'GREGORIO CASTRO ', '', 'LIVINGSTON IZABAL', ''),
(176, 'CF', 'SANTOS RUIZ ', '', 'CIUDAD', ''),
(177, 'CF', 'SANTOS RIUZ ', '', 'CIUDAD', ''),
(178, 'CF', 'DEBORA FLORES ', '', 'RIO DULCE', ''),
(221, 'CF', 'MARCO ANTONIO SOLIS SARMIENTO ', '', 'RIO DULCE', ''),
(222, 'CF', 'CARLOS MEDRANO ', '', 'CIUDAD', ''),
(223, 'CF', 'PEDRO ANDRADE RUANO ', '', 'CIUDAD', ''),
(224, 'CF', 'CLIENTES VARIOS', '', 'CIUDAD', ''),
(225, 'CF', 'MARVIN GENIS ', '', 'LA LIBERTAD LIVINGSTON', ''),
(226, 'CF', 'MARIA GARCIA ', '', 'CIUDAD', ''),
(227, '113291132', 'MIGUEL ÁNGEL SALVADOR BERNAL  ', '', 'RIO DULCE LIVINGSTON IZABAL', 'hackerdeon@gmail.com'),
(228, '27329771', 'VERONICA DALILA  MOLINA BERNALES ', '', 'FRONTERAS RIO DULCE', ''),
(229, 'CF', 'JORGE NAJERA ', '', 'ALDEA SAHILA LIVINGSTON', ''),
(230, 'CF', 'DANILO LOPEZ ', '', 'RIO DULCE', ''),
(231, '97150584', 'MARIA DEL CARMEN  SALVADOR BERNAL  ', '', 'RIO DULCE LIVINGSTON IZABAL', 'hackerdeon@gmail.com'),
(232, '57167524', 'PEDRO SANTOS  ARCHILA S NCHEZ ', '', 'RIO DULCE', ''),
(233, 'CF', 'JOSE ALFREDO GONZALEZ JUAREZ ', '', 'BARRIO SAN JOSE RIO DULCE', 'hackerdeon@gmail.com'),
(234, 'CF', 'WENDY FLORIDALMA ROSS ', '', 'ALDEA BUENA VISTA LIVINGSTON', 'henrymolina@outlook.com'),
(235, 'CF', 'NILZON GUTIERREZ', '', 'RIO DULCE', 'hackerdeon@gmail.com'),
(236, 'CF', 'SANTOS MARIO GONZALEZ', '', 'CIUDAD', 'henrymolina@outlook.com'),
(237, 'CF', 'LEONEL JUAREZ', '', 'RIO DULCE', 'hackerdeon@gmail.com'),
(238, 'CF', 'MARIELA REYES', '', 'RIO DULCE', 'hackerdeon@gmail.com'),
(239, 'CF', 'LORENA PEREZ', '', 'CIUDAD', ''),
(240, '114632146', 'GRUPO AGROMAR, SOCIEDAD ANÓNIMA', '', 'CIUDAD', ''),
(241, '1612788680928', 'CESAR IXTABALáN', '', 'CIUDAD', ''),
(242, 'CF', 'JESUS LOPEZ', '', 'RIO DULCE', 'hackerdeon@gmail.com'),
(243, '3317071281802', 'MARÍA DEL CARMEN SALVADOR BERNAL', '', 'RIO DULCE', 'hackerdeon@gmail.com'),
(244, 'CF', 'ERICK FLORES', '', 'RIO DULCE', 'hackerdeon@gmail.com'),
(245, 'CF', 'HEYDI LARIOS', '', 'RIO DULCE', ''),
(246, '1605567161802', 'HENRY GEOVANNI ,MOLINA VERNALES ', '', 'CIUDAD', ''),
(247, '3316830081802', 'GLENDY MARISOL ,SILVA ESQUIVEL ', '', 'CIUDAD', 'hackerdeon@gmail.com'),
(248, 'CF', 'TIM', '', 'CIUDAD', ''),
(249, '2262509381802', 'ANGELINA  CHUB CHUB ', '', 'CIUDAD', 'henryumg@gmail.com'),
(250, '118665286', 'DUNIN ROXANA, DE LEÓN MEJÍA DE RUANO', '', 'CIUDAD', ''),
(251, '118621858', 'JORGE FREDY, CHOC CHOC', '', 'CIUDAD', ''),
(252, '3322329991803', 'GUSTAVO ADOLFO ,COL COC ', '', 'CIUDAD', ''),
(253, '3316911831802', 'MILDRED ESTEFANIA ,ROJAS MERLOS ', '', 'CIUDAD', '');

-- --------------------------------------------------------

--
-- Estructura de tabla para la tabla `detalle_inventario`
--

CREATE TABLE `detalle_inventario` (
  `iddetalle_venta` int(11) NOT NULL,
  `fecha` date NOT NULL,
  `cantidad` int(11) DEFAULT NULL,
  `precio_venta` float(11,2) DEFAULT NULL,
  `detalle_repuesto_iddetalle_repuesto` int(11) NOT NULL,
  `usuario_codigo` varchar(20) NOT NULL,
  `facturado` int(11) DEFAULT NULL,
  `repuesto_codigo` varchar(45) NOT NULL,
  `inventario_idinventario` int(11) NOT NULL
) ENGINE=InnoDB DEFAULT CHARSET=utf8mb4;

-- --------------------------------------------------------

--
-- Estructura de tabla para la tabla `detalle_moto`
--

CREATE TABLE `detalle_moto` (
  `iddetalle_moto` int(11) NOT NULL,
  `fecha` date NOT NULL,
  `facturado` int(11) DEFAULT NULL,
  `estadoPlacas` int(11) DEFAULT NULL,
  `cliente_id_cliente1` int(11) NOT NULL,
  `moto_id_moto` int(11) NOT NULL,
  `usuario_codigo` varchar(20) NOT NULL
) ENGINE=InnoDB DEFAULT CHARSET=utf8mb4;

-- --------------------------------------------------------

--
-- Estructura de tabla para la tabla `detalle_repuesto`
--

CREATE TABLE `detalle_repuesto` (
  `iddetalle_repuesto` int(11) NOT NULL,
  `fecha` date DEFAULT NULL,
  `cantidad` int(11) NOT NULL,
  `pedir` int(11) DEFAULT NULL,
  `proveedor_nit` varchar(20) NOT NULL,
  `ubicacion_id_ubicacion` int(11) NOT NULL,
  `precio_compra` float(11,2) DEFAULT NULL,
  `inventario` int(11) DEFAULT 0,
  `cantidad_inventario` float(11,2) DEFAULT 0.00,
  `repuesto_codigo` varchar(45) NOT NULL,
  `usuario_codigo` varchar(20) NOT NULL
) ENGINE=InnoDB DEFAULT CHARSET=utf8mb4;

--
-- Volcado de datos para la tabla `detalle_repuesto`
--

INSERT INTO `detalle_repuesto` (`iddetalle_repuesto`, `fecha`, `cantidad`, `pedir`, `proveedor_nit`, `ubicacion_id_ubicacion`, `precio_compra`, `inventario`, `cantidad_inventario`, `repuesto_codigo`, `usuario_codigo`) VALUES
(4363, '2022-06-13', 0, NULL, '71368361', 100, 33.93, 1, 2.00, 'MICRO034', '57830948DEON'),
(4364, '2022-06-13', 1, NULL, '71368361', 100, 3.00, 1, 1.00, '1957352201373', '57830948DEON'),
(4365, '2022-06-13', 0, 1, '71368361', 100, 20.00, 1, 0.00, '1957352201656', '57830948DEON'),
(4366, '2022-06-13', 0, NULL, '71368361', 100, 45.00, 1, 0.00, '4713435791912', '57830948DEON'),
(4367, '2022-10-20', 0, NULL, '71368361', 100, 40.00, 1, 1.00, '4713218465368', '57830948DEON'),
(4368, '2022-06-13', 0, NULL, '71368361', 100, 40.00, 1, 1.00, '740617298680', '57830948DEON'),
(4369, '2022-06-13', 0, NULL, '71368361', 100, 50.00, 1, 0.00, '1957359932218', '57830948DEON'),
(4370, '2022-06-13', 1, NULL, '71368361', 100, 15.00, 1, 1.00, '2585258914562', '57830948DEON'),
(4371, '2022-06-13', 0, NULL, '71368361', 100, 90.00, 1, 0.00, '5352895478408', '57830948DEON'),
(4372, '2022-06-13', 0, NULL, '98226886', 101, 4.00, 1, 3.00, '7401007600416', '57830948DEON'),
(4373, '2022-06-13', 0, NULL, '98226886', 101, 2.50, 1, 2.00, '7401007600409', '57830948DEON'),
(4374, '2022-06-13', 26, NULL, '98226886', 101, 1.25, 1, 46.00, '13154140630826', '57830948DEON'),
(4375, '2022-06-13', 9, NULL, '98226886', 101, 1.25, 1, 15.00, '13154140113008', '57830948DEON'),
(4376, '2022-06-13', 0, NULL, '98226886', 101, 0.25, 1, 12.00, '7750082045583', '57830948DEON'),
(4377, '2022-06-13', 0, NULL, '98226886', 101, 0.50, 1, 5.00, '4712302210945', '57830948DEON'),
(4378, '2022-06-13', 0, NULL, '98226886', 101, 0.75, 1, 18.00, '6970335210259', '57830948DEON'),
(4379, '2022-06-13', 0, NULL, '98226886', 101, 50.00, 1, 0.00, 'ES202110223V6', '57830948DEON'),
(4380, '2022-04-01', 99786, NULL, '734368k', 89, 80.00, 0, NULL, '1045254', '57830948DEON'),
(4381, '2022-06-13', 0, NULL, '71368361', 100, 80.00, 1, 1.00, 'ES202110223X9', '57830948DEON'),
(4382, '2022-06-13', 0, NULL, '71368361', 100, 45.00, 1, 1.00, 'ES202110223X7', '57830948DEON'),
(4383, '2022-06-13', 0, NULL, '71368361', 100, 79.20, 1, 1.00, 'KB-240', '57830948DEON'),
(4384, '2022-06-13', 0, NULL, '71368361', 100, 27.31, 1, 1.00, '1957358801287', '57830948DEON'),
(4385, '2023-03-05', 0, NULL, '71368361', 100, 45.00, 1, 1.00, '11780263', '57830948DEON'),
(4386, '2022-06-13', 2, NULL, '71368361', 100, 9.40, 1, 2.00, '6972174158297', '57830948DEON'),
(4387, '2022-11-16', 0, NULL, '71368361', 100, 12.83, 1, 1.00, '1957352201427', '57830948DEON'),
(4388, '2022-06-13', 1, NULL, '71368361', 100, 7.00, 1, 1.00, '1957352201496', '57830948DEON'),
(4389, '2022-06-13', 0, NULL, '71368361', 100, 7.00, 1, 1.00, '1957352201564', '57830948DEON'),
(4390, '2022-06-13', 0, NULL, '71368361', 100, 18.88, 1, 1.00, '5352895478651', '57830948DEON'),
(4391, '2022-06-13', 0, 2, '71368361', 100, 13.05, 1, 1.00, '6954201905142', '57830948DEON'),
(4392, '2022-06-13', 0, NULL, '71368361', 100, 9.47, 1, 2.00, '3698725963075', '57830948DEON'),
(4393, '2022-06-13', 0, NULL, '71368361', 100, 75.00, 0, 0.00, '654862046623', '57830948DEON'),
(4394, '2022-10-10', 0, NULL, '71368361', 100, 208.00, 0, 0.00, 'SSD004', '57830948DEON'),
(4395, '2022-10-17', 994, NULL, '85785658', 89, 150.00, 0, 0.00, 'RP001', '57830948DEON'),
(4396, '2023-03-09', 0, NULL, '71368361', 100, 190.00, 0, 0.00, '03620221MP036', '57830948DEON');

-- --------------------------------------------------------

--
-- Estructura de tabla para la tabla `detalle_venta`
--

CREATE TABLE `detalle_venta` (
  `iddetalle_venta` int(11) NOT NULL,
  `fecha` datetime NOT NULL,
  `cantidad` int(11) DEFAULT NULL,
  `descripcion` varchar(300) DEFAULT NULL,
  `precio_venta` float(11,2) DEFAULT NULL,
  `detalle_repuesto_iddetalle_repuesto` int(11) NOT NULL,
  `usuario_codigo` varchar(20) NOT NULL,
  `facturado` int(11) DEFAULT NULL,
  `venta_idventa` int(11) NOT NULL,
  `repuesto_codigo` varchar(45) NOT NULL,
  `type` varchar(9) NOT NULL DEFAULT 'B',
  `without_iva` int(9) NOT NULL DEFAULT 0,
  `discount` int(9) NOT NULL DEFAULT 0,
  `is_discount_percentage` int(9) NOT NULL DEFAULT 0,
  `taxes` varchar(200) DEFAULT ''
) ENGINE=InnoDB DEFAULT CHARSET=utf8mb4;

--
-- Volcado de datos para la tabla `detalle_venta`
--

INSERT INTO `detalle_venta` (`iddetalle_venta`, `fecha`, `cantidad`, `descripcion`, `precio_venta`, `detalle_repuesto_iddetalle_repuesto`, `usuario_codigo`, `facturado`, `venta_idventa`, `repuesto_codigo`, `type`, `without_iva`, `discount`, `is_discount_percentage`, `taxes`) VALUES
(2, '2022-04-01 00:00:00', 1, 'IMPRESION DE TRABAJOS ESCOLARES', 120.00, 4380, '57830948', NULL, 1221, '1045254', 'B', 0, 0, 0, ''),
(3, '2022-04-03 00:00:00', 1, 'IMPRESION DE TRABAJOS ESCOLARES', 110.00, 4380, '57830948', NULL, 1221, '1045254', 'B', 0, 0, 0, ''),
(4, '2022-04-05 00:00:00', 1, 'IMPRESION DE TRABAJOS ESCOLARES', 147.50, 4380, '57830948', NULL, 1221, '1045254', 'B', 0, 0, 0, ''),
(5, '2022-04-06 00:00:00', 1, 'IMPRESION DE TRABAJOS ESCOLARES', 110.00, 4380, '57830948', NULL, 1221, '1045254', 'B', 0, 0, 0, ''),
(6, '2022-04-07 00:00:00', 1, 'IMPRESION DE TRABAJOS ESCOLARES', 20.00, 4380, '57830948', NULL, 1221, '1045254', 'B', 0, 0, 0, ''),
(7, '2022-04-09 00:00:00', 1, 'IMPRESION DE TRABAJOS ESCOLARES', 40.00, 4380, '57830948', NULL, 1221, '1045254', 'B', 0, 0, 0, ''),
(8, '2022-04-09 00:00:00', 1, 'IMPRESION DE TRABAJOS ESCOLARES', 26.00, 4380, '57830948', NULL, 1221, '1045254', 'B', 0, 0, 0, ''),
(9, '2022-04-18 00:00:00', 1, 'IMPRESION DE TRABAJOS ESCOLARES', 77.00, 4380, '57830948', NULL, 1221, '1045254', 'B', 0, 0, 0, ''),
(10, '2022-04-19 00:00:00', 1, 'IMPRESION DE TRABAJOS ESCOLARES', 114.50, 4380, '57830948', NULL, 1221, '1045254', 'B', 0, 0, 0, ''),
(11, '2022-04-19 00:00:00', 1, 'IME-19431 CABLE HDMI 3.0 MTS', 35.00, 4365, '57830948', NULL, 1222, '1957352201656', 'B', 0, 0, 0, ''),
(12, '2022-04-20 00:00:00', 1, 'IMPRESION DE TRABAJOS ESCOLARES', 85.00, 4380, '57830948', NULL, 1221, '1045254', 'B', 0, 0, 0, ''),
(13, '2022-04-21 00:00:00', 1, 'IMPRESION DE TRABAJOS ESCOLARES', 70.00, 4380, '57830948', NULL, 1221, '1045254', 'B', 0, 0, 0, ''),
(14, '2022-04-22 00:00:00', 1, 'IMPRESION DE TRABAJOS ESCOLARES', 25.00, 4380, '57830948', NULL, 1221, '1045254', 'B', 0, 0, 0, ''),
(15, '2022-04-26 00:00:00', 1, 'IMPRESION DE TRABAJOS ESCOLARES', 150.00, 4380, '57830948', NULL, 1221, '1045254', 'B', 0, 0, 0, ''),
(16, '2022-04-26 00:00:00', 1, 'IMPRESION DE TRABAJOS ESCOLARES', 70.00, 4380, '57830948', NULL, 1221, '1045254', 'B', 0, 0, 0, ''),
(17, '2022-04-27 00:00:00', 1, 'IMPRESION DE TRABAJOS ESCOLARES', 90.00, 4380, '57830948', NULL, 1221, '1045254', 'B', 0, 0, 0, ''),
(18, '2022-04-28 00:00:00', 1, 'IMPRESION DE TRABAJOS ESCOLARES', 125.00, 4380, '57830948', NULL, 1221, '1045254', 'B', 0, 0, 0, ''),
(19, '2022-04-28 00:00:00', 1, 'IMPRESION DE TRABAJOS ESCOLARES', 224.00, 4380, '57830948', NULL, 1221, '1045254', 'B', 0, 0, 0, ''),
(20, '2022-05-02 00:00:00', 1, 'SDCS2/32G MEMORIA MICROSD 100MB/S CANVAS ', 55.00, 4368, '57830948', NULL, 1223, '740617298680', 'B', 0, 0, 0, ''),
(21, '2022-05-02 00:00:00', 1, '11480043 MEMORIA USB FLASH DRIVE C906 CLASSIC 32GB', 60.00, 4366, '57830948', NULL, 1223, '4713435791912', 'B', 0, 0, 0, ''),
(22, '2022-05-02 00:00:00', 1, 'IMPRESION DE TRABAJOS ESCOLARES', 250.00, 4380, '57830948', NULL, 1224, '1045254', 'B', 0, 0, 0, ''),
(23, '2022-05-03 00:00:00', 1, 'IMPRESION DE TRABAJOS ESCOLARES', 180.00, 4380, '57830948', NULL, 1224, '1045254', 'B', 0, 0, 0, ''),
(24, '2022-05-04 00:00:00', 1, 'IMPRESION DE TRABAJOS ESCOLARES', 122.50, 4380, '57830948', NULL, 1224, '1045254', 'B', 0, 0, 0, ''),
(25, '2022-05-04 00:00:00', 1, 'IME-27260 MOUSE USB GAMING PYTHON VENOM', 75.00, 4369, '57830948', NULL, 1225, '1957359932218', 'B', 0, 0, 0, ''),
(26, '2022-05-04 00:00:00', 1, 'IME-1242 CABLE TIPO SATA', 5.00, 4364, '57830948', NULL, 1225, '1957352201373', 'B', 0, 0, 0, ''),
(27, '2022-05-04 00:00:00', 1, 'MOUSE ALAMBRICO GAMING V6', 75.00, 4379, '57830948', NULL, 1225, 'ES202110223V6', 'B', 0, 0, 0, ''),
(28, '2022-05-05 00:00:00', 1, 'IMPRESION DE TRABAJOS ESCOLARES', 96.00, 4380, '57830948', NULL, 1224, '1045254', 'B', 0, 0, 0, ''),
(29, '2022-05-07 00:00:00', 1, 'IMPRESION DE TRABAJOS ESCOLARES', 190.00, 4380, '57830948', NULL, 1224, '1045254', 'B', 0, 0, 0, ''),
(30, '2022-05-09 00:00:00', 1, 'IMPRESION DE TRABAJOS ESCOLARES', 125.00, 4380, '57830948', NULL, 1224, '1045254', 'B', 0, 0, 0, ''),
(31, '2022-05-11 00:00:00', 1, 'IMPRESION DE TRABAJOS ESCOLARES', 115.00, 4380, '57830948', NULL, 1224, '1045254', 'B', 0, 0, 0, ''),
(32, '2022-05-13 00:00:00', 1, 'IMPRESION DE TRABAJOS ESCOLARES', 151.50, 4380, '57830948', NULL, 1224, '1045254', 'B', 0, 0, 0, ''),
(33, '2022-05-14 00:00:00', 1, 'IMPRESION DE TRABAJOS ESCOLARES', 110.00, 4380, '57830948', NULL, 1224, '1045254', 'B', 0, 0, 0, ''),
(34, '2022-05-16 00:00:00', 1, 'IMPRESION DE TRABAJOS ESCOLARES', 105.00, 4380, '57830948', NULL, 1224, '1045254', 'B', 0, 0, 0, ''),
(35, '2022-05-17 00:00:00', 1, 'IMPRESION DE TRABAJOS ESCOLARES', 400.00, 4380, '57830948', NULL, 1224, '1045254', 'B', 0, 0, 0, ''),
(36, '2022-05-18 00:00:00', 1, 'IMPRESION DE TRABAJOS ESCOLARES', 100.00, 4380, '57830948', NULL, 1224, '1045254', 'B', 0, 0, 0, ''),
(37, '2022-05-19 00:00:00', 1, 'IMPRESION DE TRABAJOS ESCOLARES', 130.00, 4380, '57830948', NULL, 1224, '1045254', 'B', 0, 0, 0, ''),
(38, '2022-05-20 00:00:00', 1, 'IMPRESION DE TRABAJOS ESCOLARES', 88.00, 4380, '57830948', NULL, 1224, '1045254', 'B', 0, 0, 0, ''),
(39, '2022-05-21 00:00:00', 1, 'IMPRESION DE TRABAJOS ESCOLARES', 20.00, 4380, '57830948', NULL, 1224, '1045254', 'B', 0, 0, 0, ''),
(40, '2022-05-21 00:00:00', 1, 'KM-819 TECLADO MULTIMEDIA USB 2.0', 90.00, 4371, '57830948', NULL, 1226, '5352895478408', 'B', 0, 0, 0, ''),
(41, '2022-05-24 00:00:00', 1, 'IMPRESION DE TRABAJOS ESCOLARES', 90.00, 4380, '57830948', NULL, 1224, '1045254', 'B', 0, 0, 0, ''),
(42, '2022-05-24 00:00:00', 1, 'IMPRESION DE TRABAJOS ESCOLARES', 70.00, 4380, '57830948', NULL, 1224, '1045254', 'B', 0, 0, 0, ''),
(43, '2022-05-25 00:00:00', 1, 'IMPRESION DE TRABAJOS ESCOLARES', 35.00, 4380, '57830948', NULL, 1224, '1045254', 'B', 0, 0, 0, ''),
(44, '2022-05-26 00:00:00', 1, 'IMPRESION DE TRABAJOS ESCOLARES', 105.00, 4380, '57830948', NULL, 1224, '1045254', 'B', 0, 0, 0, ''),
(45, '2022-05-28 00:00:00', 1, 'IMPRESION DE TRABAJOS ESCOLARES', 130.00, 4380, '57830948', NULL, 1224, '1045254', 'B', 0, 0, 0, ''),
(46, '2022-05-30 00:00:00', 1, 'IMPRESION DE TRABAJOS ESCOLARES', 145.00, 4380, '57830948', NULL, 1224, '1045254', 'B', 0, 0, 0, ''),
(47, '2022-05-31 00:00:00', 1, 'IMPRESION DE TRABAJOS ESCOLARES', 200.00, 4380, '57830948', NULL, 1224, '1045254', 'B', 0, 0, 0, ''),
(48, '2022-06-02 00:00:00', 1, 'IMPRESION DE TRABAJOS ESCOLARES', 54.00, 4380, '57830948', NULL, 1224, '1045254', 'B', 0, 0, 0, ''),
(50, '2022-06-03 00:00:00', 1, 'IMPRESION DE TRABAJOS ESCOLARES', 170.00, 4380, '57830948', NULL, 1227, '1045254', 'B', 0, 0, 0, ''),
(51, '2022-06-04 00:00:00', 1, 'IMPRESION DE TRABAJOS ESCOLARES', 20.00, 4380, '57830948', NULL, 1227, '1045254', 'B', 0, 0, 0, ''),
(52, '2022-06-06 00:00:00', 2, 'ACC 039 HANSFREE SAMSUNG GENERICO S10+', 40.00, 4391, '57830948', NULL, 1229, '6954201905142', 'B', 0, 0, 0, ''),
(54, '2022-06-06 00:00:00', 1, 'IMPRESION DE TRABAJOS ESCOLARES', 52.00, 4380, '57830948', NULL, 1227, '1045254', 'B', 0, 0, 0, ''),
(55, '2022-06-07 00:00:00', 1, 'IMPRESION DE TRABAJOS ESCOLARES', 100.00, 4380, '57830948', NULL, 1227, '1045254', 'B', 0, 0, 0, ''),
(56, '2022-06-08 00:00:00', 1, 'IMPRESION DE TRABAJOS ESCOLARES', 65.00, 4380, '57830948', NULL, 1227, '1045254', 'B', 0, 0, 0, ''),
(57, '2022-06-10 00:00:00', 1, 'IMPRESION DE TRABAJOS ESCOLARES', 65.00, 4380, '57830948', NULL, 1227, '1045254', 'B', 0, 0, 0, ''),
(58, '2022-06-10 00:00:00', 1, 'IMPRESION DE TRABAJOS ESCOLARES', 30.00, 4380, '57830948', NULL, 1227, '1045254', 'B', 0, 0, 0, ''),
(59, '2022-06-12 00:00:00', 1, 'IMPRESION DE TRABAJOS ESCOLARES', 45.00, 4380, '57830948', NULL, 1227, '1045254', 'B', 0, 0, 0, ''),
(60, '2022-06-13 00:00:00', 1, 'IMPRESION DE TRABAJOS ESCOLARES', 105.00, 4380, '57830948', NULL, 1227, '1045254', 'B', 0, 0, 0, ''),
(61, '2022-06-16 00:00:00', 1, 'IMPRESION DE TRABAJOS ESCOLARES', 175.00, 4380, '57830948', NULL, 1227, '1045254', 'B', 0, 0, 0, ''),
(62, '2022-06-16 00:00:00', 1, 'IMPRESION DE TRABAJOS ESCOLARES', 135.00, 4380, '57830948', NULL, 1227, '1045254', 'B', 0, 0, 0, ''),
(63, '2022-06-17 00:00:00', 1, 'IMPRESION DE TRABAJOS ESCOLARES', 85.00, 4380, '57830948', NULL, 1227, '1045254', 'B', 0, 0, 0, ''),
(64, '2022-06-18 00:00:00', 1, 'IMPRESION DE TRABAJOS ESCOLARES', 20.00, 4380, '57830948', NULL, 1227, '1045254', 'B', 0, 0, 0, ''),
(66, '2022-06-20 00:00:00', 1, 'IMPRESION DE TRABAJOS ESCOLARES', 50.00, 4380, '57830948', NULL, 1227, '1045254', 'B', 0, 0, 0, ''),
(67, '2022-06-20 00:00:00', 1, 'IMPRESION DE TRABAJOS ESCOLARES', 25.00, 4380, '57830948', NULL, 1227, '1045254', 'B', 0, 0, 0, ''),
(68, '2022-06-21 00:00:00', 1, 'IMPRESION DE TRABAJOS ESCOLARES', 125.00, 4380, '57830948', NULL, 1227, '1045254', 'B', 0, 0, 0, ''),
(69, '2022-06-23 00:00:00', 25, 'IMPRESION DE TRABAJOS ESCOLARES', 25.00, 4380, '57830948', NULL, 1227, '1045254', 'B', 0, 0, 0, ''),
(70, '2022-06-23 00:00:00', 1, 'IMPRESION DE TRABAJOS ESCOLARES', 50.00, 4380, '57830948', NULL, 1227, '1045254', 'B', 0, 0, 0, ''),
(71, '2022-06-24 00:00:00', 1, 'IMPRESION DE TRABAJOS ESCOLARES', 120.00, 4380, '57830948', NULL, 1227, '1045254', 'B', 0, 0, 0, ''),
(72, '2022-06-25 00:00:00', 1, 'IMPRESION DE TRABAJOS ESCOLARES', 60.00, 4380, '57830948', NULL, 1227, '1045254', 'B', 0, 0, 0, ''),
(73, '2022-07-01 00:00:00', 1, 'IMPRESION DE TRABAJOS ESCOLARES', 50.00, 4380, '57830948', NULL, 1230, '1045254', 'B', 0, 0, 0, ''),
(74, '2022-07-03 00:00:00', 1, 'IMPRESION DE TRABAJOS ESCOLARES', 45.00, 4380, '57830948', NULL, 1230, '1045254', 'B', 0, 0, 0, ''),
(75, '2022-07-05 00:00:00', 1, 'IMPRESION DE TRABAJOS ESCOLARES', 252.00, 4380, '57830948', NULL, 1230, '1045254', 'B', 0, 0, 0, ''),
(76, '2022-07-07 00:00:00', 1, 'IMPRESION DE TRABAJOS ESCOLARES', 100.00, 4380, '57830948', NULL, 1230, '1045254', 'B', 0, 0, 0, ''),
(77, '2022-07-09 00:00:00', 1, 'IMPRESION DE TRABAJOS ESCOLARES', 150.00, 4380, '57830948', NULL, 1230, '1045254', 'B', 0, 0, 0, ''),
(78, '2022-07-10 00:00:00', 1, 'IMPRESION DE TRABAJOS ESCOLARES', 40.00, 4380, '57830948', NULL, 1230, '1045254', 'B', 0, 0, 0, ''),
(79, '2022-07-11 00:00:00', 1, 'IMPRESION DE TRABAJOS ESCOLARES', 210.00, 4380, '57830948', NULL, 1230, '1045254', 'B', 0, 0, 0, ''),
(80, '2022-07-12 00:00:00', 1, 'IMPRESION DE TRABAJOS ESCOLARES', 100.00, 4380, '57830948', NULL, 1230, '1045254', 'B', 0, 0, 0, ''),
(81, '2022-07-15 00:00:00', 1, 'IMPRESION DE TRABAJOS ESCOLARES', 135.00, 4380, '57830948', NULL, 1230, '1045254', 'B', 0, 0, 0, ''),
(82, '2022-07-17 00:00:00', 1, 'IMPRESION DE TRABAJOS ESCOLARES', 100.00, 4380, '57830948', NULL, 1230, '1045254', 'B', 0, 0, 0, ''),
(83, '2022-07-19 00:00:00', 1, 'IMPRESION DE TRABAJOS ESCOLARES', 90.00, 4380, '57830948', NULL, 1230, '1045254', 'B', 0, 0, 0, ''),
(84, '2022-07-19 00:00:00', 1, 'IMPRESION DE TRABAJOS ESCOLARES', 55.00, 4380, '57830948', NULL, 1230, '1045254', 'B', 0, 0, 0, ''),
(85, '2022-07-20 00:00:00', 1, 'IMPRESION DE TRABAJOS ESCOLARES', 215.00, 4380, '57830948', NULL, 1230, '1045254', 'B', 0, 0, 0, ''),
(86, '2022-07-21 00:00:00', 1, 'IMPRESION DE TRABAJOS ESCOLARES', 60.00, 4380, '57830948', NULL, 1230, '1045254', 'B', 0, 0, 0, ''),
(87, '2022-07-22 00:00:00', 1, 'IMPRESION DE TRABAJOS ESCOLARES', 120.00, 4380, '57830948', NULL, 1230, '1045254', 'B', 0, 0, 0, ''),
(88, '2022-07-26 00:00:00', 1, 'IMPRESION DE TRABAJOS ESCOLARES', 70.00, 4380, '57830948', NULL, 1230, '1045254', 'B', 0, 0, 0, ''),
(89, '2022-07-27 00:00:00', 1, 'IMPRESION DE TRABAJOS ESCOLARES', 130.00, 4380, '57830948', NULL, 1230, '1045254', 'B', 0, 0, 0, ''),
(90, '2022-07-28 00:00:00', 1, 'IMPRESION DE TRABAJOS ESCOLARES', 80.00, 4380, '57830948', NULL, 1230, '1045254', 'B', 0, 0, 0, ''),
(91, '2022-07-28 00:00:00', 1, 'IMPRESION DE TRABAJOS ESCOLARES', 90.00, 4380, '57830948', NULL, 1230, '1045254', 'B', 0, 0, 0, ''),
(92, '2022-07-29 00:00:00', 1, 'IMPRESION DE TRABAJOS ESCOLARES', 100.00, 4380, '57830948', NULL, 1230, '1045254', 'B', 0, 0, 0, ''),
(94, '2022-08-02 00:00:00', 1, 'IMPRESION DE TRABAJOS ESCOLARES', 75.00, 4380, '57830948', NULL, 1231, '1045254', 'B', 0, 0, 0, ''),
(95, '2022-08-03 00:00:00', 1, 'IMPRESION DE TRABAJOS ESCOLARES', 185.00, 4380, '57830948', NULL, 1231, '1045254', 'B', 0, 0, 0, ''),
(96, '2022-08-04 00:00:00', 1, 'IMPRESION DE TRABAJOS ESCOLARES', 51.00, 4380, '57830948', NULL, 1231, '1045254', 'B', 0, 0, 0, ''),
(97, '2022-08-08 00:00:00', 1, 'IMPRESION DE TRABAJOS ESCOLARES', 50.00, 4380, '57830948', NULL, 1231, '1045254', 'B', 0, 0, 0, ''),
(98, '2022-08-10 00:00:00', 1, 'IMPRESION DE TRABAJOS ESCOLARES', 90.00, 4380, '57830948', NULL, 1231, '1045254', 'B', 0, 0, 0, ''),
(99, '2022-08-10 00:00:00', 1, 'IMPRESION DE TRABAJOS ESCOLARES', 80.00, 4380, '57830948', NULL, 1231, '1045254', 'B', 0, 0, 0, ''),
(100, '2022-08-18 00:00:00', 1, 'IMPRESION DE TRABAJOS ESCOLARES', 80.00, 4380, '57830948', NULL, 1231, '1045254', 'B', 0, 0, 0, ''),
(101, '2022-08-20 00:00:00', 1, 'IMPRESION DE TRABAJOS ESCOLARES', 240.00, 4380, '57830948', NULL, 1231, '1045254', 'B', 0, 0, 0, ''),
(102, '2022-08-24 00:00:00', 1, 'IMPRESION DE TRABAJOS ESCOLARES', 70.00, 4380, '57830948', NULL, 1231, '1045254', 'B', 0, 0, 0, ''),
(103, '2022-08-24 00:00:00', 1, 'IMPRESION DE TRABAJOS ESCOLARES', 495.00, 4380, '57830948', NULL, 1231, '1045254', 'B', 0, 0, 0, ''),
(104, '2022-08-27 00:00:00', 1, 'IMPRESION DE TRABAJOS ESCOLARES', 77.00, 4380, '57830948', NULL, 1231, '1045254', 'B', 0, 0, 0, ''),
(105, '2022-08-31 00:00:00', 1, 'IMPRESION DE TRABAJOS ESCOLARES', 190.00, 4380, '57830948', NULL, 1231, '1045254', 'B', 0, 0, 0, ''),
(106, '2022-08-31 00:00:00', 1, 'IMPRESION DE TRABAJOS ESCOLARES', 128.00, 4380, '57830948', NULL, 1231, '1045254', 'B', 0, 0, 0, ''),
(107, '2022-09-01 00:00:00', 1, 'IMPRESION DE TRABAJOS ESCOLARES', 53.00, 4380, '57830948', NULL, 1232, '1045254', 'B', 0, 0, 0, ''),
(108, '2022-09-03 00:00:00', 1, 'IMPRESION DE TRABAJOS ESCOLARES', 40.00, 4380, '57830948', NULL, 1232, '1045254', 'B', 0, 0, 0, ''),
(109, '2022-09-03 00:00:00', 1, 'IMPRESION DE TRABAJOS ESCOLARES', 40.00, 4380, '57830948', NULL, 1232, '1045254', 'B', 0, 0, 0, ''),
(110, '2022-09-06 00:00:00', 1, 'IMPRESION DE TRABAJOS ESCOLARES', 50.00, 4380, '57830948', NULL, 1232, '1045254', 'B', 0, 0, 0, ''),
(111, '2022-09-07 00:00:00', 1, 'IMPRESION DE TRABAJOS ESCOLARES', 215.00, 4380, '57830948', NULL, 1232, '1045254', 'B', 0, 0, 0, ''),
(112, '2022-09-08 00:00:00', 1, 'IMPRESION DE TRABAJOS ESCOLARES', 83.00, 4380, '57830948', NULL, 1232, '1045254', 'B', 0, 0, 0, ''),
(113, '2022-09-09 00:00:00', 1, 'IMPRESION DE TRABAJOS ESCOLARES', 260.00, 4380, '57830948', NULL, 1232, '1045254', 'B', 0, 0, 0, ''),
(114, '2022-09-13 00:00:00', 1, 'IMPRESION DE TRABAJOS ESCOLARES', 143.00, 4380, '57830948', NULL, 1232, '1045254', 'B', 0, 0, 0, ''),
(115, '2022-09-17 00:00:00', 1, 'IMPRESION DE TRABAJOS ESCOLARES', 83.00, 4380, '57830948', NULL, 1232, '1045254', 'B', 0, 0, 0, ''),
(116, '2022-09-19 00:00:00', 1, 'IMPRESION DE TRABAJOS ESCOLARES', 140.00, 4380, '57830948', NULL, 1232, '1045254', 'B', 0, 0, 0, ''),
(117, '2022-09-20 00:00:00', 1, 'IMPRESION DE TRABAJOS ESCOLARES', 228.00, 4380, '57830948', NULL, 1232, '1045254', 'B', 0, 0, 0, ''),
(118, '2022-09-21 00:00:00', 1, 'IMPRESION DE TRABAJOS ESCOLARES', 85.00, 4380, '57830948', NULL, 1232, '1045254', 'B', 0, 0, 0, ''),
(119, '2022-09-23 00:00:00', 1, 'IMPRESION DE TRABAJOS ESCOLARES', 40.00, 4380, '57830948', NULL, 1232, '1045254', 'B', 0, 0, 0, ''),
(120, '2022-09-23 00:00:00', 1, 'IMPRESION DE TRABAJOS ESCOLARES', 70.00, 4380, '57830948', NULL, 1232, '1045254', 'B', 0, 0, 0, ''),
(121, '2022-09-25 00:00:00', 1, 'IMPRESION DE TRABAJOS ESCOLARES', 30.00, 4380, '57830948', NULL, 1232, '1045254', 'B', 0, 0, 0, ''),
(122, '2022-09-26 00:00:00', 1, 'IMPRESION DE TRABAJOS ESCOLARES', 90.00, 4380, '57830948', NULL, 1232, '1045254', 'B', 0, 0, 0, ''),
(123, '2022-09-26 00:00:00', 1, 'UV240 MEMORIA USB CLASIC 32GB', 60.00, 4385, '57830948', NULL, 1233, '11780263', 'B', 0, 0, 0, ''),
(124, '2022-09-26 00:00:00', 1, 'IME-19623 CABLE DE PODER PARA LAPTOP', 20.00, 4389, '57830948', NULL, 1234, '1957352201564', 'B', 0, 0, 0, ''),
(125, '2022-09-27 00:00:00', 1, 'SDCS2/32G MEMORIA MICROSD 100MB/S CANVAS ', 59.00, 4368, '57830948DEON', NULL, 1235, '740617298680', 'B', 0, 0, 0, ''),
(126, '2022-09-27 00:00:00', 1, 'IMPRESION DE TRABAJOS ESCOLARES', 85.00, 4380, '57830948', NULL, 1232, '1045254', 'B', 0, 0, 0, ''),
(127, '2022-09-28 00:00:00', 1, 'IMPRESION DE TRABAJOS ESCOLARES', 40.00, 4380, '57830948', NULL, 1232, '1045254', 'B', 0, 0, 0, ''),
(128, '2022-09-28 00:00:00', 1, '063082 SACA PUNTAS VARIOS COLORES', 1.25, 4374, '57830948', NULL, 1236, '13154140630826', 'B', 0, 0, 0, ''),
(129, '2022-09-28 00:00:00', 1, '063082 SACA PUNTAS VARIOS COLORES', 1.25, 4374, '57830948', NULL, 1237, '13154140630826', 'B', 0, 0, 0, ''),
(130, '2022-09-28 00:00:00', 1, '063082 SACA PUNTAS VARIOS COLORES', 1.25, 4374, '57830948', NULL, 1238, '13154140630826', 'B', 0, 0, 0, ''),
(131, '2022-09-29 00:00:00', 1, 'IMPRESION DE TRABAJOS ESCOLARES', 65.00, 4380, '57830948', NULL, 1232, '1045254', 'B', 0, 0, 0, ''),
(132, '2022-09-29 00:00:00', 1, '063082 SACA PUNTAS VARIOS COLORES', 1.25, 4374, '57830948', NULL, 1239, '13154140630826', 'B', 0, 0, 0, ''),
(133, '2022-09-29 00:00:00', 1, '063082 SACA PUNTAS VARIOS COLORES', 1.25, 4374, '57830948', NULL, 1240, '13154140630826', 'B', 0, 0, 0, ''),
(134, '2022-09-29 00:00:00', 1, '063082 SACA PUNTAS VARIOS COLORES', 1.25, 4374, '57830948', NULL, 1241, '13154140630826', 'B', 0, 0, 0, ''),
(135, '2022-09-29 00:00:00', 2, '063082 SACA PUNTAS VARIOS COLORES', 2.50, 4374, '57830948', NULL, 1242, '13154140630826', 'B', 0, 0, 0, ''),
(136, '2022-09-29 00:00:00', 1, '063082 SACA PUNTAS VARIOS COLORES', 1.25, 4374, '57830948', NULL, 1243, '13154140630826', 'B', 0, 0, 0, ''),
(137, '2022-09-29 00:00:00', 1, '063082 SACA PUNTAS VARIOS COLORES', 1.25, 4374, '57830948', NULL, 1244, '13154140630826', 'B', 0, 0, 0, ''),
(138, '2022-09-29 00:00:00', 1, 'BORRADOR BLANCO MAPED', 2.00, 4375, '57830948', NULL, 1244, '13154140113008', 'B', 0, 0, 0, ''),
(139, '2022-09-29 00:00:00', 1, '063082 SACA PUNTAS VARIOS COLORES', 1.25, 4374, '57830948', NULL, 1245, '13154140630826', 'B', 0, 0, 0, ''),
(140, '2022-09-29 00:00:00', 1, '063082 SACA PUNTAS VARIOS COLORES', 1.25, 4374, '57830948', NULL, 1246, '13154140630826', 'B', 0, 0, 0, ''),
(141, '2022-09-29 00:00:00', 1, '063082 SACA PUNTAS VARIOS COLORES', 1.25, 4374, '57830948', NULL, 1248, '13154140630826', 'B', 0, 0, 0, ''),
(142, '2022-09-29 00:00:00', 1, '063082 SACA PUNTAS VARIOS COLORES', 1.25, 4374, '57830948', NULL, 1247, '13154140630826', 'B', 0, 0, 0, ''),
(145, '2022-09-29 00:00:00', 1, 'IMPRESION DE TRABAJOS ESCOLARES', 20.00, 4380, '57830948', NULL, 1249, '1045254', 'B', 0, 0, 0, ''),
(146, '2022-10-03 00:00:00', 1, 'IMPRESION DE TRABAJOS ESCOLARES', 41.00, 4380, '57830948', NULL, 1250, '1045254', 'B', 0, 0, 0, ''),
(147, '2022-10-03 00:00:00', 1, 'IMPRESION DE TRABAJOS ESCOLARES', 20.00, 4380, '57830948', NULL, 1251, '1045254', 'B', 0, 0, 0, ''),
(148, '2022-10-03 00:00:00', 1, 'IMPRESION DE TRABAJOS ESCOLARES', 20.00, 4380, '57830948', NULL, 1252, '1045254', 'B', 0, 0, 0, ''),
(149, '2022-10-03 00:00:00', 1, 'IMPRESION DE TRABAJOS ESCOLARES', 10.00, 4380, '57830948', NULL, 1253, '1045254', 'B', 0, 0, 0, ''),
(150, '2022-10-03 00:00:00', 1, 'IMPRESION DE TRABAJOS ESCOLARES', 20.00, 4380, '57830948', NULL, 1254, '1045254', 'C', 0, 0, 0, ''),
(151, '2022-10-04 00:00:00', 1, 'IMPRESION DE TRABAJOS ESCOLARES', 20.00, 4380, '57830948', NULL, 1255, '1045254', 'B', 0, 0, 0, ''),
(152, '2022-10-04 00:00:00', 1, 'IMPRESION DE TRABAJOS ESCOLARES', 20.00, 4380, '57830948', NULL, 1256, '1045254', 'B', 0, 0, 0, ''),
(153, '2022-10-04 00:00:00', 1, 'IMPRESION DE TRABAJOS ESCOLARES', 92.00, 4380, '57830948', NULL, 1257, '1045254', 'B', 0, 0, 0, ''),
(155, '2022-10-05 00:00:00', 1, 'IMPRESION DE TRABAJOS ESCOLARES', 20.00, 4380, '57830948', NULL, 1258, '1045254', 'S', 0, 0, 0, ''),
(156, '2022-10-05 00:00:00', 1, 'IME-14521M CABLE VGA MACHO A MACHO 6 PIES', 25.00, 4387, '57830948', NULL, 1259, '1957352201427', 'B', 0, 0, 0, ''),
(157, '2022-10-06 00:00:00', 1, 'IMPRESION DE TRABAJOS ESCOLARES', 165.00, 4380, '57830948', NULL, 1260, '1045254', 'S', 0, 0, 0, ''),
(158, '2022-10-06 00:00:00', 1, 'IMPRESION DE TRABAJOS ESCOLARES', 20.00, 4380, '57830948', NULL, 1261, '1045254', 'S', 0, 0, 0, ''),
(159, '2022-10-08 00:00:00', 1, 'IMPRESION DE TRABAJOS ESCOLARES', 25.00, 4380, '57830948', NULL, 1262, '1045254', 'S', 0, 0, 0, ''),
(160, '2022-10-09 00:00:00', 1, 'IMPRESION DE TRABAJOS ESCOLARES', 20.00, 4380, '57830948', NULL, 1263, '1045254', 'S', 0, 0, 0, ''),
(161, '2022-10-12 00:00:00', 1, 'IMPRESION DE TRABAJOS ESCOLARES', 110.00, 4380, '57830948', NULL, 1264, '1045254', 'S', 0, 0, 0, ''),
(162, '2022-10-13 00:00:00', 1, 'UNIDAD DE ESTADO SOLIDO KINGSTON SA400 240GB', 300.00, 4394, '57830948', NULL, 1265, 'SSD004', 'B', 0, 0, 0, ''),
(163, '2022-10-13 00:00:00', 1, 'IMPRESION DE TRABAJOS ESCOLARES', 127.00, 4380, 'JUSTINBI994', NULL, 1266, '1045254', 'S', 0, 0, 0, ''),
(164, '2022-10-13 00:00:00', 1, 'IMPRESION DE TRABAJOS ESCOLARES', 25.00, 4380, 'JUSTINBI994', NULL, 1267, '1045254', 'S', 0, 0, 0, ''),
(165, '2022-10-14 00:00:00', 1, 'IMPRESION DE TRABAJOS ESCOLARES', 100.00, 4380, '57830948', NULL, 1268, '1045254', 'S', 0, 0, 0, ''),
(166, '2022-10-17 00:00:00', 1, 'MANO DE OBRA POR REPARACION DE COMPUTADORA ', 150.00, 4395, '57830948', NULL, 1269, 'RP001', 'S', 0, 0, 0, ''),
(167, '2022-10-17 00:00:00', 1, 'IMPRESION DE TRABAJOS ESCOLARES', 109.00, 4380, '57830948', NULL, 1270, '1045254', 'S', 0, 0, 0, ''),
(169, '2022-10-18 00:00:00', 1, 'IMPRESION DE TRABAJOS ESCOLARES', 20.00, 4380, '57830948', NULL, 1271, '1045254', 'S', 0, 0, 0, ''),
(170, '2022-10-19 00:00:00', 1, 'IMPRESION DE TRABAJOS ESCOLARES', 15.00, 4380, '57830948', NULL, 1272, '1045254', 'S', 0, 0, 0, ''),
(171, '2022-10-20 00:00:00', 1, 'IMPRESION DE TRABAJOS ESCOLARES', 10.00, 4380, '57830948', NULL, 1273, '1045254', 'S', 0, 0, 0, ''),
(172, '2022-10-20 00:00:00', 1, 'IMPRESION DE TRABAJOS ESCOLARES', 50.00, 4380, '57830948', NULL, 1274, '1045254', 'S', 0, 0, 0, ''),
(173, '2022-10-20 00:00:00', 1, 'IMPRESION DE TRABAJOS ESCOLARES', 20.00, 4380, '57830948', NULL, 1276, '1045254', 'S', 0, 0, 0, ''),
(174, '2022-10-20 00:00:00', 1, 'IMPRESION DE TRABAJOS ESCOLARES', 25.00, 4380, '57830948', NULL, 1275, '1045254', 'S', 0, 0, 0, ''),
(176, '2022-10-21 00:00:00', 1, 'IMPRESION DE TRABAJOS ESCOLARES', 35.00, 4380, '57830948', NULL, 1277, '1045254', 'S', 0, 0, 0, ''),
(178, '2022-10-21 00:00:00', 1, 'IMPRESION DE TRABAJOS ESCOLARES', 20.00, 4380, '57830948', NULL, 1278, '1045254', 'S', 0, 0, 0, ''),
(179, '2022-10-21 00:00:00', 1, 'CAB 030 CABLE HDMI 19 PIN 1.80 MTS', 35.00, 4390, '57830948', NULL, 1279, '5352895478651', 'B', 0, 0, 0, ''),
(180, '2022-10-25 00:00:00', 1, 'IMPRESION DE TRABAJOS ESCOLARES', 30.00, 4380, '57830948', NULL, 1280, '1045254', 'S', 0, 0, 0, ''),
(181, '2022-10-25 00:00:00', 4, '063082 SACA PUNTAS VARIOS COLORES', 5.00, 4374, '57830948', NULL, 1281, '13154140630826', 'B', 0, 0, 0, ''),
(182, '2022-10-25 00:00:00', 2, 'BORRADOR BLANCO MAPED', 4.00, 4375, '57830948', NULL, 1281, '13154140113008', 'B', 0, 0, 0, ''),
(183, '2022-10-25 00:00:00', 1, 'UV240 MEMORIA USB CLASIC 32GB', 42.50, 4385, '57830948', NULL, 1281, '11780263', 'B', 0, 0, 0, ''),
(184, '2022-10-25 00:00:00', 1, 'IMPRESION DE TRABAJOS ESCOLARES', 20.00, 4380, '57830948', NULL, 1282, '1045254', 'S', 0, 0, 0, ''),
(185, '2022-10-25 00:00:00', 1, 'IMPRESION DE TRABAJOS ESCOLARES', 10.00, 4380, '57830948', NULL, 1260, '1045254', 'S', 0, 0, 0, ''),
(186, '2022-10-25 00:00:00', 1, 'IMPRESION DE TRABAJOS ESCOLARES', 20.00, 4380, '57830948', NULL, 1260, '1045254', 'S', 0, 0, 0, ''),
(187, '2022-10-25 00:00:00', 1, 'IMPRESION DE TRABAJOS ESCOLARES', 10.00, 4380, '57830948', NULL, 1283, '1045254', 'S', 0, 0, 0, ''),
(188, '2022-10-25 00:00:00', 1, 'IMPRESION DE TRABAJOS ESCOLARES', 20.00, 4380, '57830948', NULL, 1283, '1045254', 'S', 0, 0, 0, ''),
(189, '2022-10-25 00:00:00', 1, 'IMPRESION DE TRABAJOS ESCOLARES', 20.00, 4380, '57830948', NULL, 1284, '1045254', 'S', 0, 0, 0, ''),
(190, '2022-10-26 00:00:00', 1, 'IMPRESION DE TRABAJOS ESCOLARES', 20.00, 4380, '57830948', NULL, 1285, '1045254', 'S', 0, 0, 0, ''),
(191, '2022-10-26 00:00:00', 1, 'IMPRESION DE TRABAJOS ESCOLARES', 50.00, 4380, '57830948', NULL, 1286, '1045254', 'S', 0, 0, 0, ''),
(192, '2022-10-27 00:00:00', 1, 'IMPRESION DE TRABAJOS ESCOLARES', 15.00, 4380, '57830948', NULL, 1287, '1045254', 'S', 0, 0, 0, ''),
(193, '2022-10-28 00:00:00', 1, 'IMPRESION DE TRABAJOS ESCOLARES', 15.00, 4380, '57830948', NULL, 1288, '1045254', 'S', 0, 0, 0, ''),
(194, '2022-10-29 00:00:00', 1, 'IMPRESION DE TRABAJOS ESCOLARES', 18.00, 4380, '57830948', NULL, 1289, '1045254', 'S', 0, 0, 0, ''),
(195, '2022-10-31 00:00:00', 1, 'IMPRESION DE TRABAJOS ESCOLARES', 18.00, 4380, '57830948', NULL, 1290, '1045254', 'S', 0, 0, 0, ''),
(196, '2022-11-04 00:00:00', 1, 'IMPRESION DE TRABAJOS ESCOLARES', 20.00, 4380, '57830948', NULL, 1292, '1045254', 'S', 0, 0, 0, ''),
(197, '2022-11-04 00:00:00', 1, 'IMPRESION DE TRABAJOS ESCOLARES', 15.00, 4380, '57830948', NULL, 1291, '1045254', 'S', 0, 0, 0, ''),
(198, '2022-11-04 00:00:00', 1, 'IMPRESION DE TRABAJOS ESCOLARES', 22.00, 4380, '57830948', NULL, 1293, '1045254', 'S', 0, 0, 0, ''),
(199, '2022-11-04 00:00:00', 1, 'IMPRESION DE TRABAJOS ESCOLARES', 10.00, 4380, '57830948', NULL, 1294, '1045254', 'S', 0, 0, 0, ''),
(200, '2022-11-05 00:00:00', 1, 'IMPRESION DE TRABAJOS ESCOLARES', 15.00, 4380, '57830948', NULL, 1295, '1045254', 'S', 0, 0, 0, ''),
(201, '2022-11-05 00:00:00', 1, 'MANO DE OBRA POR INSTALACION DE PROGRAMAS INFORMATICOS', 30.00, 4395, '57830948', NULL, 1296, 'RP001', 'S', 0, 0, 0, ''),
(202, '2022-11-08 00:00:00', 1, 'IMPRESION DE TRABAJOS ESCOLARES', 15.00, 4380, '57830948', NULL, 1297, '1045254', 'S', 0, 0, 0, ''),
(203, '2022-11-08 00:00:00', 1, 'IMPRESION DE TRABAJOS ESCOLARES', 15.00, 4380, '57830948', NULL, 1298, '1045254', 'S', 0, 0, 0, ''),
(204, '2022-11-10 00:00:00', 1, 'IMPRESION DE TRABAJOS ESCOLARES', 22.00, 4380, '57830948', NULL, 1299, '1045254', 'S', 0, 0, 0, ''),
(205, '2022-11-12 00:00:00', 1, 'IMPRESION DE TRABAJOS ESCOLARES', 200.00, 4380, '57830948DEON', NULL, 1300, '1045254', 'B', 0, 0, 0, ''),
(206, '2022-11-16 00:00:00', 1, 'MOUSE ALAMBRICO X7 GAMING', 75.00, 4382, '57830948', NULL, 1301, 'ES202110223X7', 'B', 0, 0, 0, ''),
(207, '2022-11-16 00:00:00', 1, 'IME-14521M CABLE VGA MACHO A MACHO 6 PIES', 25.00, 4387, '57830948', NULL, 1301, '1957352201427', 'B', 0, 0, 0, ''),
(209, '2022-11-16 00:00:00', 1, 'IMPRESION DE TRABAJOS ESCOLARES', 10.00, 4380, '57830948', NULL, 1302, '1045254', 'S', 0, 0, 0, ''),
(210, '2022-11-21 00:00:00', 1, 'IMPRESION DE TRABAJOS ESCOLARES', 10.00, 4380, '57830948', NULL, 1303, '1045254', 'S', 0, 0, 0, ''),
(211, '2022-11-24 00:00:00', 1, 'IMPRESION DE TRABAJOS ESCOLARES', 15.00, 4380, '57830948', NULL, 1304, '1045254', 'S', 0, 0, 0, ''),
(212, '2022-11-24 00:00:00', 1, 'IMPRESION DE TRABAJOS ESCOLARES', 20.00, 4380, '57830948', NULL, 1305, '1045254', 'S', 0, 0, 0, ''),
(213, '2022-11-29 00:00:00', 1, 'IMPRESION DE TRABAJOS ESCOLARES', 20.00, 4380, '57830948', NULL, 1306, '1045254', 'S', 0, 0, 0, ''),
(214, '2022-12-01 00:00:00', 1, 'SERVICIOS PROFESIONALES DE INFORMATICA', 50.00, 4395, '57830948', NULL, 1307, 'RP001', 'S', 0, 0, 0, ''),
(215, '2022-12-01 00:00:00', 1, 'UV240 MEMORIA USB CLASIC 32GB', 50.00, 4385, '57830948', NULL, 1308, '11780263', 'B', 0, 0, 0, ''),
(216, '2022-12-01 00:00:00', 1, 'IMPRESION DE TRABAJOS ESCOLARES', 10.00, 4380, '57830948', NULL, 1309, '1045254', 'S', 0, 0, 0, ''),
(217, '2022-12-03 00:00:00', 1, 'IMPRESION DE TRABAJOS ESCOLARES', 15.00, 4380, '57830948', NULL, 1310, '1045254', 'S', 0, 0, 0, ''),
(218, '2022-12-04 00:00:00', 1, 'IMPRESION DE TRABAJOS ESCOLARES', 15.00, 4380, '57830948', NULL, 1311, '1045254', 'S', 0, 0, 0, ''),
(219, '2022-12-07 00:00:00', 1, 'IMPRESION DE TRABAJOS ESCOLARES', 50.00, 4380, '57830948', NULL, 1312, '1045254', 'S', 0, 0, 0, ''),
(220, '2022-12-08 00:00:00', 1, 'IMPRESION DE TRABAJOS ESCOLARES', 23.00, 4380, '57830948', NULL, 1313, '1045254', 'S', 0, 0, 0, ''),
(221, '2022-12-12 00:00:00', 1, 'IMPRESION DE TRABAJOS ESCOLARES', 10.00, 4380, '57830948', NULL, 1314, '1045254', 'S', 0, 0, 0, ''),
(222, '2022-12-19 00:00:00', 1, 'IMPRESION DE TRABAJOS ESCOLARES', 18.00, 4380, '57830948', NULL, 1315, '1045254', 'S', 0, 0, 0, ''),
(223, '2022-12-23 00:00:00', 1, 'IMPRESION DE TRABAJOS ESCOLARES', 21.00, 4380, '57830948', NULL, 1316, '1045254', 'S', 0, 0, 0, ''),
(224, '2022-12-29 00:00:00', 1, 'IMPRESION DE TRABAJOS ESCOLARES', 17.00, 4380, '57830948', NULL, 1317, '1045254', 'S', 0, 0, 0, ''),
(225, '2023-01-03 00:00:00', 13, 'IMPRESION DE TRABAJOS ESCOLARES', 13.00, 4380, '57830948', NULL, 1318, '1045254', 'S', 0, 0, 0, ''),
(226, '2023-01-03 00:00:00', 1, 'IMPRESION DE TRABAJOS ESCOLARES', 13.00, 4380, '57830948', NULL, 1319, '1045254', 'S', 0, 0, 0, ''),
(227, '2023-01-04 00:00:00', 1, 'IMPRESION DE TRABAJOS ESCOLARES', 16.00, 4380, '57830948', NULL, 1320, '1045254', 'S', 0, 0, 0, ''),
(228, '2023-01-10 00:00:00', 1, 'IMPRESION DE TRABAJOS ESCOLARES', 15.00, 4380, '57830948', NULL, 1321, '1045254', 'S', 0, 0, 0, ''),
(229, '2023-01-10 00:00:00', 1, 'IMPRESION DE TRABAJOS ESCOLARES', 1.00, 4380, '57830948DEON', NULL, 1219, '1045254', 'S', 0, 0, 0, ''),
(230, '2023-01-14 00:00:00', 1, 'IMPRESION DE TRABAJOS ESCOLARES', 17.00, 4380, '57830948', NULL, 1322, '1045254', 'S', 0, 0, 0, ''),
(231, '2023-01-19 00:00:00', 1, 'IMPRESION DE TRABAJOS ESCOLARES', 19.00, 4380, '57830948', NULL, 1323, '1045254', 'S', 0, 0, 0, ''),
(232, '2023-03-05 00:00:00', 1, 'IMPRESION DE TRABAJOS ESCOLARES', 15.00, 4380, '57830948', NULL, 1324, '1045254', 'S', 0, 0, 0, ''),
(233, '2023-03-05 00:00:00', 1, 'TECLADO GAMER X-LION USB KB-240 ONE COLOR RAINBOW W19 KEY', 130.00, 4383, '57830948', NULL, 1325, 'KB-240', 'B', 0, 0, 0, ''),
(235, '2023-03-06 00:00:00', 1, 'MANO DE OBRA POR DIAGNOSTICO COMPUTADORA Dell latitude e6430', 60.00, 4395, '57830948', NULL, 1326, 'RP001', 'S', 0, 0, 0, ''),
(236, '2023-03-08 00:00:00', 1, 'UV240 MEMORIA USB CLASIC 32GB', 50.00, 4385, '57830948', NULL, 1327, '11780263', 'B', 0, 0, 0, ''),
(237, '2023-03-09 00:00:00', 1, 'MEMORIA RAM DDR3 1RX8 PC3 12800U 4GB', 250.00, 4396, '57830948', NULL, 1328, '03620221MP036', 'B', 0, 0, 0, ''),
(238, '2023-03-15 00:00:00', 1, 'MANO DE OBRA POR REPARACION DE COMPUTADORA ', 100.00, 4395, '57830948', NULL, 1329, 'RP001', 'S', 0, 0, 0, ''),
(239, '2023-05-20 00:00:00', 1, 'IMPRESION DE TRABAJOS ESCOLARES', 25.00, 4380, '57830948', NULL, 1330, '1045254', 'S', 0, 0, 0, ''),
(240, '2023-05-27 00:00:00', 1, 'MANO DE OBRA POR REPARACION DE COMPUTADORA ', 50.00, 4395, '57830948', NULL, 1331, 'RP001', 'S', 0, 0, 0, ''),
(241, '2023-05-27 00:00:00', 1, 'SERVICIO CREACION DE AGENCIA VIRTUAL', 50.00, 4380, '57830948', NULL, 1332, '1045254', 'S', 0, 0, 0, ''),
(242, '2023-05-30 00:00:00', 1, 'IMPRESION DE TRABAJOS ESCOLARES', 50.00, 4380, '57830948', NULL, 1333, '1045254', 'S', 0, 0, 0, ''),
(243, '2023-06-09 00:00:00', 1, 'SERVICIO CREACION DE AGENCIA VIRTUAL', 50.00, 4380, '57830948', NULL, 1334, '1045254', 'S', 0, 0, 0, ''),
(244, '2023-06-09 00:00:00', 1, 'SERVICIO CREACION DE AGENCIA VIRTUAL', 50.00, 4380, '57830948', NULL, 1335, '1045254', 'S', 0, 0, 0, ''),
(245, '2023-06-11 00:00:00', 1, 'IMPRESION DE TRABAJOS ESCOLARES', 34.00, 4380, '57830948', NULL, 1336, '1045254', 'S', 0, 0, 0, ''),
(246, '2023-06-12 00:00:00', 1, 'Creación de Agencia Virtual y correo electronico', 50.00, 4380, '57830948', NULL, 1337, '1045254', 'S', 0, 0, 0, ''),
(247, '2023-06-21 00:00:00', 1, 'Servicio de activación creación de NIT, correo y agencia virtual', 50.00, 4380, '57830948', NULL, 1338, '1045254', 'S', 0, 0, 0, '');

-- --------------------------------------------------------

--
-- Estructura de tabla para la tabla `detenvio`
--

CREATE TABLE `detenvio` (
  `iddetEnvio` int(11) NOT NULL,
  `fecha` date NOT NULL,
  `cantidad` int(11) DEFAULT NULL,
  `descripcion` varchar(300) NOT NULL,
  `precio_venta` float(11,2) DEFAULT NULL,
  `detalle_repuesto_iddetalle_repuesto` int(11) NOT NULL,
  `usuario_codigo` varchar(20) NOT NULL,
  `facturado` int(11) DEFAULT NULL,
  `repuesto_codigo` varchar(45) NOT NULL,
  `envio_idventa` int(11) NOT NULL
) ENGINE=InnoDB DEFAULT CHARSET=utf8mb4;

-- --------------------------------------------------------

--
-- Estructura de tabla para la tabla `detorden`
--

CREATE TABLE `detorden` (
  `iddetalle` int(11) NOT NULL,
  `fecha` date NOT NULL,
  `cantidad` int(11) DEFAULT NULL,
  `precio_venta` float(11,2) DEFAULT NULL,
  `detalle_repuesto_iddetalle_repuesto` int(11) NOT NULL,
  `usuario_codigo` varchar(20) NOT NULL,
  `tipo` int(11) DEFAULT NULL,
  `repuesto_codigo` varchar(45) NOT NULL,
  `orden_idorden` int(11) NOT NULL
) ENGINE=InnoDB DEFAULT CHARSET=utf8mb4;

-- --------------------------------------------------------

--
-- Estructura de tabla para la tabla `empleado`
--

CREATE TABLE `empleado` (
  `id_empleado` int(11) NOT NULL,
  `nombre` varchar(45) DEFAULT NULL,
  `direccion` varchar(45) DEFAULT NULL,
  `nacimiento` date DEFAULT NULL
) ENGINE=InnoDB DEFAULT CHARSET=utf8mb4;

--
-- Volcado de datos para la tabla `empleado`
--

INSERT INTO `empleado` (`id_empleado`, `nombre`, `direccion`, `nacimiento`) VALUES
(1, 'ERICKA PORTAL', 'ALDEA LA ESMERALDA', '1998-05-28'),
(2, 'HENRY MOLINA VERNALES', 'RIO DULCE LIVINGSTON', '1985-09-05'),
(3, 'MARIA DOLORES VASQUEZ', 'RIO DULCE', '1975-09-11'),
(4, 'SANTOS ARCHILA', 'SAN ANTONIO SEJA', '1990-08-23'),
(5, 'MIGUEL ANGEL SALVADOR BERNAL', 'RIO DULCE', '2003-05-26'),
(6, 'MARVIN GENIS', 'ALDEA LA LIBERTAD LIVINGSTON IZABAL', '1996-12-26'),
(7, 'CESAR SUCHITE', 'RIO DULCE', '1981-10-26'),
(8, 'DARWIN ALEXIS CHOC TEC', 'ALDEA GUITARRA LIV. IZABAL', '1998-08-21'),
(9, 'MARIA DEL CARMEN BERNAL', 'RIO DULCE', '1996-11-06');

-- --------------------------------------------------------

--
-- Estructura de tabla para la tabla `envio`
--

CREATE TABLE `envio` (
  `idventa` int(11) NOT NULL,
  `facturado` int(11) DEFAULT NULL,
  `fecha` datetime DEFAULT current_timestamp(),
  `usuario` varchar(20) DEFAULT NULL,
  `cliente_nit` varchar(40) DEFAULT NULL
) ENGINE=InnoDB DEFAULT CHARSET=utf8mb4;

--
-- Volcado de datos para la tabla `envio`
--

INSERT INTO `envio` (`idventa`, `facturado`, `fecha`, `usuario`, `cliente_nit`) VALUES
(392, 0, '2022-03-13 20:45:40', '57830948DEON', NULL),
(393, 0, '2022-06-05 18:38:48', '57830948', NULL);

-- --------------------------------------------------------

--
-- Estructura de tabla para la tabla `facturafel`
--

CREATE TABLE `facturafel` (
  `idfacturaFel` int(11) NOT NULL,
  `venta_idventa` int(11) NOT NULL
) ENGINE=InnoDB DEFAULT CHARSET=utf8mb4;

--
-- Volcado de datos para la tabla `facturafel`
--

INSERT INTO `facturafel` (`idfacturaFel`, `venta_idventa`) VALUES
(1, 1279),
(2, 1280),
(9, 1281),
(10, 1282),
(11, 1283),
(12, 1284),
(13, 1285),
(14, 1286),
(15, 1287),
(16, 1288),
(17, 1289),
(18, 1290),
(20, 1291),
(19, 1292),
(21, 1293),
(22, 1294),
(23, 1295),
(24, 1296),
(25, 1298),
(26, 1299),
(27, 1301),
(28, 1302),
(29, 1303),
(31, 1304),
(30, 1305),
(32, 1306),
(33, 1308),
(34, 1309),
(35, 1310),
(36, 1311),
(37, 1312),
(38, 1313),
(39, 1314),
(40, 1315),
(41, 1315),
(42, 1315),
(43, 1316),
(44, 1317),
(45, 1317),
(46, 1317),
(47, 1318),
(48, 1319),
(49, 1319),
(50, 1319),
(51, 1320),
(52, 1321),
(53, 1321),
(54, 1321),
(55, 1322),
(56, 1322),
(57, 1322),
(58, 1323),
(59, 1323),
(60, 1323),
(61, 1324),
(62, 1325),
(63, 1326),
(64, 1326),
(65, 1326),
(66, 1327),
(67, 1328),
(68, 1328),
(69, 1328),
(70, 1329),
(71, 1329),
(72, 1329),
(73, 1330),
(74, 1331),
(75, 1331),
(76, 1331),
(77, 1332),
(78, 1332),
(79, 1332),
(80, 1333),
(81, 1333),
(82, 1333),
(83, 1334),
(84, 1334),
(85, 1334),
(86, 1335),
(87, 1335),
(88, 1335),
(89, 1336),
(90, 1336),
(91, 1336),
(92, 1337),
(93, 1337),
(94, 1337),
(95, 1338),
(96, 1338),
(97, 1338);

-- --------------------------------------------------------

--
-- Estructura de tabla para la tabla `inventario`
--

CREATE TABLE `inventario` (
  `idinventario` int(11) NOT NULL,
  `inventariado` int(11) DEFAULT NULL,
  `usuario` varchar(20) DEFAULT NULL,
  `cliente_nit` varchar(40) DEFAULT NULL
) ENGINE=InnoDB DEFAULT CHARSET=utf8mb4;

-- --------------------------------------------------------

--
-- Estructura de tabla para la tabla `marca`
--

CREATE TABLE `marca` (
  `id_marca` int(11) NOT NULL,
  `descripcion` varchar(45) NOT NULL
) ENGINE=InnoDB DEFAULT CHARSET=utf8mb4;

--
-- Volcado de datos para la tabla `marca`
--

INSERT INTO `marca` (`id_marca`, `descripcion`) VALUES
(1, 'IMACASA'),
(2, 'STIHL'),
(3, 'TRUPER'),
(4, 'STANLEY'),
(5, 'TOOLCRAFT'),
(6, 'TP-LINK'),
(7, 'HONDA'),
(8, 'SERVICIO'),
(9, 'ITECE'),
(10, 'AGROCAMPO'),
(11, 'HASA'),
(12, 'MAGNUM'),
(13, 'MAKITA'),
(14, 'RIETI'),
(15, 'YAMAMOTO'),
(16, 'COLEMAN'),
(17, 'DREMEL'),
(18, 'BOSCH'),
(19, 'HUNTER'),
(20, 'AGROCAMPO'),
(21, 'PUMA'),
(22, 'CASTROL'),
(23, 'NGK'),
(24, 'BELLOTA'),
(25, 'TIGER PROWESS'),
(26, 'CRANE'),
(27, 'HARDEN'),
(28, 'TECUN'),
(29, 'HERCASA'),
(30, 'URSA'),
(31, 'MOTUL'),
(32, 'AMERICAN'),
(33, 'ASTURIAS'),
(34, '3 EN UNO'),
(35, 'KAMA'),
(36, 'WD-40'),
(37, 'JOHNSENS'),
(38, 'PRODIN'),
(39, 'TIMBERLINE'),
(40, 'VOLTECK'),
(41, 'LOCTITE'),
(42, 'LIGHT-TEC'),
(43, 'HALCON'),
(44, 'ACEM'),
(45, 'SOLARGUAT'),
(46, 'NATIONAL'),
(47, 'YALE'),
(48, 'AMIG'),
(49, 'PHELPS DODGE'),
(50, 'PORTE'),
(51, 'ELEKPRICE'),
(52, 'CHEVRON'),
(53, 'ELEPHANT'),
(54, 'SENFINECO'),
(55, 'URSA'),
(56, 'OGGUN'),
(57, 'EXTOOL'),
(58, 'FANDELI'),
(59, 'GILMOUR'),
(60, 'TITAN'),
(61, 'TUDOR'),
(62, 'NAIS'),
(63, 'LEVITON'),
(64, 'KOYO'),
(65, 'AG'),
(66, 'DEWALT'),
(67, 'IRWIN'),
(68, 'METABO'),
(69, 'FULGORE'),
(70, 'TEMFLEX'),
(71, 'MAGNUM'),
(72, 'PRESSOL'),
(73, 'ABRO'),
(74, 'LUMIAX'),
(75, 'YAMAHA'),
(76, 'TECNIPESA'),
(77, 'FREEDOM'),
(78, 'ACDELCO'),
(79, 'SHELL'),
(80, 'FIERO'),
(81, 'NSK'),
(82, 'MAQTRON'),
(83, 'LONCIN'),
(84, 'QUAKER'),
(85, 'BARNES'),
(86, '3M'),
(87, 'BERNZOMATIC'),
(88, 'GOLFGAN'),
(89, 'DIESEL TOOLS'),
(90, 'COASTAL'),
(91, 'KIMCO'),
(92, 'MAGLITE'),
(93, 'VICTORINOX'),
(94, 'UNIOIL'),
(95, 'ESCUALO'),
(96, 'SKIL'),
(97, 'SHORELINE'),
(98, 'MHA'),
(99, 'VIAKON'),
(100, 'QUIMERA'),
(101, 'PRETUL'),
(102, 'INGCO'),
(103, 'FORCE'),
(104, 'AMPRO'),
(105, 'KRONENFLEX'),
(106, 'ANGELITO'),
(107, 'PFERD'),
(108, 'HERMES'),
(109, 'HELLERMAN'),
(110, 'EMTOP'),
(111, 'LION'),
(112, 'LINCOLN'),
(113, 'DELO'),
(114, 'MEGUIARS'),
(115, 'CONECTA'),
(116, 'FIERRO'),
(117, 'SSP MAKITA'),
(118, 'SSP MAKITA'),
(119, 'MAKITA MT'),
(120, 'BLACK YACK'),
(121, 'BLACK YACK'),
(122, 'BTICINO'),
(123, 'EAGLE'),
(124, 'PROTOL'),
(125, 'FORCE'),
(126, 'CENTRACASA'),
(127, 'VISOL'),
(128, 'BETTANIN'),
(129, 'ZEREX'),
(130, 'TI CUT'),
(131, 'SEACHOICE'),
(132, 'CHINA'),
(133, 'ARCOIRIS'),
(134, 'ATLAS'),
(135, 'VONDER'),
(136, 'TANGIT'),
(137, 'GUARDEN'),
(138, 'GARDEN'),
(139, 'VALVOLINE'),
(140, 'PUROLATOR'),
(141, 'HK'),
(142, 'MILLARD'),
(143, 'KAMA'),
(144, 'KAMA'),
(145, 'BLACK&DECKER'),
(146, 'HERMEX'),
(147, 'WORKER'),
(148, 'CAIMAN'),
(149, 'CADENA'),
(150, 'LAFA'),
(151, 'MIRANDA/ZEDD'),
(152, 'BRUFER'),
(153, 'TRAMONTINA'),
(154, 'FOSET'),
(155, 'RAYOVAC'),
(156, 'KIRLOSCAR'),
(157, 'EAGLE'),
(158, 'PLAY GARDEN'),
(159, 'GONI'),
(160, 'ROTOPLAS'),
(161, 'LEFOO'),
(162, 'PEDROLLO'),
(163, 'FOOT PUMP'),
(164, 'KARCHER'),
(165, 'GENERICO'),
(166, 'LUXLITE'),
(167, 'GENEBRE'),
(168, 'ARTEC'),
(169, 'TITAN'),
(170, 'YUASA'),
(171, 'YUASA'),
(172, 'YUASA'),
(173, 'STARK'),
(174, 'VMAX'),
(175, 'MGM'),
(176, 'BRESILIGHT'),
(177, 'GENERAL ELECTRIC'),
(178, 'D.LIGHT'),
(179, 'DUBON'),
(180, 'DURMAN'),
(181, 'COYO'),
(182, 'COYO'),
(183, 'ELECTROMA'),
(184, 'ZSG'),
(185, 'MOBIL'),
(186, 'HAVOLINE'),
(187, 'MASOL'),
(188, 'MANNOL'),
(189, 'XEL'),
(190, 'ROBIN'),
(191, 'ANIL'),
(192, 'SUPERBELT'),
(193, 'STENS'),
(194, 'SUPER S'),
(195, 'VALVOLINE'),
(196, 'JOHNSENS'),
(197, 'CRAFT BEARINGS'),
(198, 'SPAIN'),
(199, 'GERMANY'),
(200, 'LESSMAN'),
(201, 'PETER'),
(202, 'MILWAUKEE'),
(203, 'KINGSTON'),
(204, 'IMEXX'),
(205, 'ADATA'),
(206, 'ETOUCH'),
(207, 'VENOM'),
(208, 'TUCAN'),
(209, 'MAPED'),
(210, 'ARTESCO'),
(211, 'FAST'),
(212, 'SKYLINE'),
(213, 'IMICE'),
(214, 'REMAX');

-- --------------------------------------------------------

--
-- Estructura de tabla para la tabla `moto`
--

CREATE TABLE `moto` (
  `id_moto` int(11) NOT NULL,
  `linea` varchar(45) NOT NULL,
  `color` varchar(80) NOT NULL,
  `chasis` varchar(45) NOT NULL,
  `motor` varchar(45) NOT NULL,
  `modelo` varchar(45) NOT NULL,
  `precio` varchar(45) DEFAULT NULL,
  `vendido` int(9) DEFAULT NULL,
  `marca_id_marca` int(11) NOT NULL
) ENGINE=InnoDB DEFAULT CHARSET=utf8mb4;

--
-- Volcado de datos para la tabla `moto`
--

INSERT INTO `moto` (`id_moto`, `linea`, `color`, `chasis`, `motor`, `modelo`, `precio`, `vendido`, `marca_id_marca`) VALUES
(3, 'XR150L', 'ROJO BLANCO NEGRO CON FRANJAS LETRAS MULTICOLOR', 'LTMKD1194M5103709', 'KD07E-2305943', '2021', '21315', 1, 7),
(4, 'WAVE 110 CAST', 'ROJO CON FRANJAS LETRAS MULTICOLOR', 'LTMJA3799M5201609', 'JA37E-2204080', '2021', '12990', 1, 7),
(5, 'XR150L', 'NEGRO CON FRANJAS LETRAS MULTICOLOR', 'LTMKD1193M5103684', 'KD07E2305892', '2021', '21315', 1, 7),
(6, 'DIO 110', 'GRIS NARANJA CON FRANJAS LETRAS MULTICOLOR', 'ME4JF39MFLA007998', 'JF39E-A-0031275', '2021', '11365', 1, 7),
(7, 'XR150L', 'BLANCO CON FRANJAS LETRAS MULTICOLOR', 'LTMKD119XM5101379', 'KD07E2303603', '2020', '21165', 1, 7),
(8, 'XR150L', 'ROJO CON FRANJAS LETRAS MULTICOLOR', 'LTMKD11192L5106073', 'KD07E2246997', '2020', '20640', 1, 7),
(9, 'WAVE 110', 'ROJO CON FRANJAS LETRAS MULTICOLOR', 'LTMJA3797M5202855', 'JA37E-2205043', '2021', '13365', 1, 7),
(10, 'WAVE 110', 'GRIS NEGRO FRANJAS LETRAS MULTICOLOR', 'LTMJA3799M5202758', 'JA37E-2205134', '2021', '13565', 1, 7),
(11, 'XR 190L', 'BLANCO NEGRO CON FRANJAS MULTICOLOR', 'LALMD4399M3102184', 'MD43E-2025316', '2021', '24990', 1, 7),
(12, 'WAVE 110 CAST', 'BLANCO CON FRANJAS MULTICOLOR', 'LTMJA3796M5202166', 'JA37E-2204575', '2021', '13365', 1, 7),
(13, 'ACTIVA 125 STD', 'ROJO NEGRO CON LETRAS MULTICOLOR', 'ME4JF49BAMW038070', 'JF49EW1087773', '2021', '13365', 1, 7),
(14, 'ELITE', 'ROJO NEGRO LETRAS MULTICOLOR', 'LALJF7797M3101396', 'JF77E-3110136', '2021', '17890', 1, 7),
(15, 'XR 150L', 'BLANCO ROJO NEGRO FRANJAS MULTICOLOR', 'LTMKD1191M5102999', 'KD07E-2305130', '2021', '21515', 1, 7),
(16, 'XR190L', 'NEGRO CON FRANJAS Y LETRAS MULTICOLOR', 'LALMD439XM3106129', 'MD43E-2029488', '2021', '25765', 1, 7),
(17, 'XR190L', 'ROJO BLANCO NEGRO CON FRANJAS MULTICOLOR', 'LALMD4396M3104748', 'MD43E-2028013', '2021', '26265', 1, 7),
(18, 'XR150L', 'ROJO BLANCO NEGRO FRANJAS MULTICOLOR', 'LTMKD119XM5109563', 'KD07E2312116', '2021', '21515', 1, 7),
(19, 'NAVI 110', 'ROJO NEGRO CON FRANJAS LETRAS MULTICOLOR', 'ME4JF655AMD037514', 'JF65ED0037547', '2021', '11365', 1, 7),
(20, 'XR150L', 'ROJO BLANCO NEGRO CON FRANJAS LETRAS MULTICOLOR', 'LTMKD1199M5107383', 'DK07E2309855', '2021', '21515', 1, 7),
(21, 'WAVE 110 CAST', 'BLANCO NEGRO CON FRANJAS MULTICOLOR', 'LTMJA3797M5202726', 'JA37E2205189', '2021', '13500', 1, 7),
(22, 'XR 150L', 'ROJO BLANCO NEGRO FRANJAS', 'LTMKD1195M5109518', 'KD07E-2312125', '2021', '21190', 1, 7),
(23, 'XR150L', 'BLANCO ROJO NEGRO FRANJAS MULTICOLOR', 'LTMKD1194M5112183', 'KD07E-2314401', '2021', '21715', 1, 7),
(24, 'WAVE 110', 'GRIS NEGRO FRANJAS LETRAS MULTICOLOR', 'LTMJA3793M5204330', 'JA37E-2206754', '2021', '13565', 1, 7),
(25, 'WAVE 110', 'BLANCO CON FRANJAS MULTICOLOR', 'LTMJA3796M5204306', 'JA37E-2206820', '2021', '13665', 1, 7),
(26, 'WAVE 110', 'BLANCO CON FRANJAS MULTICOLOR', 'LTMJA3790M5204298', 'JA37E-2206837', '2021', '13665', 1, 7),
(27, 'WAVE 110', 'ROJO NEGRO CON FRANJAS MULTICOLOR', 'LTMJA3795M5204264', 'JA37E-2206875', '2021', '13565', 1, 7),
(28, 'WAVE 110', 'ROJO NEGRO CON FRANJAS MULTICOLOR', 'LTMJA3798M5204260', 'JA37E-2206873', '2021', '13565', 1, 7),
(29, 'XR150', 'ROJO BLANCO NEGRO CON FRANJAS LETRAS MULTICOLOR', 'LTMKD1194M5109624', 'KD07E-2312235', '2021', '21190', 1, 7),
(30, 'XBLADE 160', 'NEGRO CON FRANJAS LETRAS MULTICOLOR', 'ME4KC351CMA003908', 'KC35EA0007706', '2021', '17190', 1, 7),
(31, 'DIO 110', 'GRIS METALLICO CON LETRAS MULTICOLOR', 'ME4JF39PBMD001499', 'JF39ED0025991', '2021', '12365', 1, 7),
(32, 'DIO 110', 'ROJO NEGRO FRANJAS Y LETRAS MULTICOLOR', 'ME4JF39MBMD002739', 'JF39ED0025695', '2021', '12365', 1, 7),
(33, 'XBLADE 160', 'ROJO CON FRANJAS LETRAS MULTICOLOR', 'ME4KC351CMA003771', 'KC35EA0007413', '2021', '17815', 1, 7),
(34, 'ELITE 125', 'GRIS LETRAS MULTICOLOR', 'LALJF7795M3104930', 'JF77E-3113347', '2021', '18465', 1, 7),
(35, 'ELITE 125', 'ROJO NEGRO LETRAS MULTICOLOR', 'LALJF7797M3104959', 'JF77E-3113358', '2021', '18465', 1, 7),
(36, 'ELITE 125', 'ROJO NEGRO LETRAS MULTICOLOR', 'LALJF7797M3104945', 'JF77E-3113368', '2021', '18465', 1, 7),
(37, 'XR150L', 'ROJO CON FRANJAS MULTICOLOR', 'LTMKD1190M5106431', 'KD07E-2308935', '2021', '21815', 1, 7),
(38, 'ACTIVA 125 STD', 'AZUL NEGRO CON LETRAS FRANJAS MULTICOLOR', 'ME4JF49BDMW038809', 'JF49E-W-1088895', '2021', '13765', 1, 7),
(39, 'ELITE 125', 'BLANCO NEGRO LETRAS MULTICOLOR', 'LALJF779XM3104938', 'JF77E-3113340', '2021', '18465', 1, 7),
(40, 'VIVIO RACING 150', 'GRIS NEGRO FRANJAS LETRAS MULTICOLOR', '*RFBSE30BDN1600739*', 'SE30*1600805*', '2022', '28515', 1, 91),
(41, 'NAVI 110', 'AZUL LETRAS MULTICOLOR', 'ME4JF655AMD040591', 'JF65E-D-0040662', '2021', '11365', 1, 7),
(42, 'WAVE 110', 'ROJO NEGRO CON FRANJAS LETRAS MULTICOLOR', 'LTMJA379XM5204972', 'JA37E-2207469', '2021', '13365', 1, 7),
(43, 'WAVE 110', 'GRIS MATE CON FRANJAS LETRAS MULTICOLOR', 'LTMJA3797M5203827', 'JA37E-2205885', '2021', '13365', 1, 7),
(44, 'WAVE 110', 'GRIS MATE LETRAS MULTICOLOR', 'LTMJA3791M5202807', 'JA37E-2206255', '2021', '13365', 1, 7),
(45, 'CB125F TWISTER', 'ROJO CON FRANJAS LETRAS MULTICOLOR', 'LALJA2590M3211159', 'JA25E-4723240', '2021', '13965', 1, 7),
(46, 'XR150L', 'ROJO BLANCO NEGRO FRANJAS MULTICOLOR', 'LTMKD1195N5102909', 'KD07E-2320781', '2022', '23000', 1, 7),
(47, 'NAVI 110', 'ROJO CON FRANJAS MULTICOLOR', 'ME4JF665AMD040747', 'JF65ED0040805', '2021', '11890', 1, 7),
(48, 'XR 190L', 'ROJO BLANCO CON FRANJAS MULTICOLOR', 'LALMD4393M3220328', 'MD43E-2034275', '2022', '28765', 1, 7),
(49, 'WAVE 110 CAST', 'BLANCO CON FRANJAS MULTICOLOR', 'LTMJA3799M5203859', 'JA37E-2206208', '2021', '14365', 1, 7),
(50, 'XR 190L', 'BLANCO ROJO NEGRO CON FRANJAS MULTICOLOR', 'LALMD439XN3103927', 'MD43E-2038590', '2022', '28765', 1, 7),
(51, 'WAVE 110', 'ROJO CON FRANJAS MULTICOLOR', 'LTMJA3799M5204977', 'JA37E2207466', '2021', '13365', 1, 7),
(52, 'XR 150L', 'BLANCO CON FRANJAS MULTICOLOR', 'LTMKD1191N5103202', 'KD07E-2321693', '2022', '22690', 1, 7),
(53, 'WAVE 110', 'BLANCO CON FRANJAS MULTICOLOR', 'LTMJA3795M5203888', 'JA37E-2206166', '2021', '13365', 1, 7),
(54, 'WAVE110', 'GRIS FRANJAS MULTICOLOR', 'LTMJA3796N5201522', 'JA37E-2209470', '2022', '14365', 1, 7),
(55, 'WAVE 110', 'GRIS MATE', 'LTMJA3795N5202449', 'JA37E-2210668', '2022', '14365', 1, 7),
(56, 'WAVE CAST 110', 'GRIS CON FRANJAS MULTICOLOR', 'LTMJA3790N5202455', 'JA37E-2210667', '2022', '13990', 1, 7),
(57, 'XR150L', 'BLANCO FRANJAS Y LETRAS MULTICOLOR', 'LTMKD1196N5105463', 'KD07E2324093', '2022', '23215', 1, 7),
(58, 'WAVE 110', 'ROJO CON FRANJAS MULTICOLOR ', 'LTMJA3796N5202539', 'JA37E-2210708', '2022', '14365', 1, 7),
(59, 'KIMCO RACING 150', 'ROJO BLANCO CON FRANJAS MULTICOLOR', '*RFBSE30BDN1600829*', 'SE30*1600937*', '2022', '28490', 1, 91),
(60, 'DIO 110', 'ROJO GRIS CON FRANJAS MULTICOLOR', 'ME4JF39MHMD004042', 'JF39E-D-0027736', '2021', '13565', 1, 7),
(61, 'ELITE 125', 'ROJO CON FRANJAS LETRAS MULTICOLOR', 'LALJF779XN3101507', 'JF77E-3115488', '2022', '19800', 1, 7),
(62, 'DIO110', 'ROJO NEGRO CON FRANJAS MULTICOLOR', '*ME4JF39MHMD003957*', 'JF39E-D-0027617', '2022', '14365', 1, 7),
(63, 'WAVE 110 CAST', 'GRIS MATE', 'LTMJA3794N5202989', 'JA37E-2211045', '2020', '14165', 1, 7),
(64, 'DIO 110', 'ROJO NEGRO FRANJAS Y LETRAS MULTICOLOR ', 'ME4JF39MAND004260', 'JF39ED0028195', '2022', '14365', 1, 7);

-- --------------------------------------------------------

--
-- Estructura de tabla para la tabla `orden`
--

CREATE TABLE `orden` (
  `idorden` int(11) NOT NULL,
  `facturado` int(11) DEFAULT NULL,
  `usuario` varchar(45) DEFAULT NULL,
  `cliente_nit` varchar(45) DEFAULT NULL
) ENGINE=InnoDB DEFAULT CHARSET=utf8mb4;

--
-- Volcado de datos para la tabla `orden`
--

INSERT INTO `orden` (`idorden`, `facturado`, `usuario`, `cliente_nit`) VALUES
(1, 0, '261081', NULL),
(2, 0, '261081', NULL),
(3, 1, '261081', '44'),
(4, 1, '123456', NULL),
(5, 1, '261081', '93'),
(6, 1, '261081', '93'),
(7, 1, '261081', '58'),
(8, 1, '261081', '73'),
(9, 1, '123456', '97'),
(10, 1, '261081', '101'),
(11, 0, '261081', NULL),
(12, 0, '261081', NULL),
(13, 1, '261081', '106'),
(14, 0, '123456', NULL),
(15, 0, '261081', NULL),
(16, 0, '261081', NULL),
(17, 1, '261081', '41'),
(18, 1, '261081', '114'),
(19, 0, '261081', NULL),
(20, 0, '123456', NULL),
(21, 0, '123456', NULL),
(22, 0, '261081', NULL),
(23, 0, 'FLACO1996', NULL),
(24, 0, '123456', NULL),
(25, 0, '261081', NULL),
(26, 0, '123456', NULL),
(27, 0, '123456', NULL),
(28, 0, '261081', NULL),
(29, 0, 'CHOKITO21', NULL),
(30, 0, '261081', NULL),
(31, 0, '261081', NULL);

-- --------------------------------------------------------

--
-- Estructura de tabla para la tabla `proveedor`
--

CREATE TABLE `proveedor` (
  `nit` varchar(20) NOT NULL,
  `nombre` varchar(45) NOT NULL,
  `direccion` varchar(80) NOT NULL
) ENGINE=InnoDB DEFAULT CHARSET=utf8mb4;

--
-- Volcado de datos para la tabla `proveedor`
--

INSERT INTO `proveedor` (`nit`, `nombre`, `direccion`) VALUES
('1651651465', 'AGROCAMPO', 'CIUDAD'),
('169021222', 'PRICASA S.A', 'KM 6.5 CARRETERA AL ATLANTICO ZONA 18 GUATEMALA'),
('2255618', 'ABEL RAMIREZ', 'SAN FELIPE DE LARA'),
('232423', 'HERRAMIENTAS PODEROSAS', 'CIUDAD'),
('2457558', 'LEVITON', 'CIUDAD'),
('254556', 'LUCALZA', 'CIUDAD'),
('2545658', 'FERRETERIA LEWONSKI', 'CIUDAD'),
('25465875', 'DISTRIBUIDORA EL PACIFICO', 'CIUDAD'),
('2548725', 'SERVILLASA', 'CIUDAD'),
('254875', 'ROCASA', 'CIUDAD'),
('2548785', 'ACEM', 'CIUDAD'),
('258485', 'EDISA', 'CIUDAD'),
('258855-5', 'IMACASA', 'CIUDAD'),
('258858558', 'DISTRIBUIDORA RYV COMERCIAL', 'CIUDAD'),
('33434', 'COMECA', 'CIUDAD'),
('35478512', 'CADISA', 'CIUDAD'),
('358458', 'AGRICOLA MONTE MARIA', 'CIUDAD'),
('3647858', 'AUTONAIS', 'MORALES IZABAL'),
('365482', 'HASA', 'CIUDAD'),
('39374025', 'DISTRIBUIDORA MARITIMA S.A', 'CALLE SECTOR LITEGUA ZONA 0 RIO DULCE LIVINGSTON IZABAL'),
('4200000', 'TEMSA', 'CIUAD'),
('4578568', 'FERRETERIA LEIVA', 'CIUDAD'),
('4587858', 'PRODUCTOS HIDRAULICOS', 'CIUDAD'),
('48745887', 'LUBRIIMPORT', 'CIUDAD'),
('498148', 'COYO', 'CIUDAD'),
('50096559', 'DISTRIBUIDORA Y FERRETERIA ASTURIAS', '3A AVENIDA 2-62 ZONA 9 GUATEMALA'),
('506072c', 'TOOLCRAFT', 'CIUDAD'),
('54565433334', 'UNION', 'CIUDAD'),
('5456854', 'TRANSTAR', 'CIUDAD'),
('5457888878', 'REPUSTOS COFAL', 'CIUDAD'),
('54785254', 'PEDROLLO', 'CIUDAD'),
('548575', 'TISA', 'CIUDAD'),
('548724456', 'FERRETERIA LA SIRENA', 'CIUDAD'),
('5487852', 'BARNES', 'CIUDAD'),
('54878535', 'AISA', 'CIUDAD'),
('564825', 'SERVITALLERES', 'CIUDAD'),
('5754528', 'CODISA', 'CIUDAD'),
('58484558', 'IMPORTADORA HIDRAULICA DUBOn', 'CIUDAD'),
('58578568', 'ELECTROMA', 'CIUDAD'),
('58725468', 'TECNIPESA', 'CIUDAD'),
('5874585', 'COFIÑO', 'CIUDAD'),
('587542', 'PRODIN', 'CIUDAD'),
('5876098', 'IMPORTADORA HIDRAULICA DUBON', 'CIUDAD'),
('651264', 'COMERCIAL ACOFERSA', 'CIUDAD'),
('653000', 'CENTRACASA', 'CIUDAD'),
('654285', 'CELASA', 'CIUDAD'),
('654544558', 'LUISA', 'CIUDAD'),
('65688995', 'MADAL BAL', 'CIUDAD'),
('65847', 'FIERROSA', 'CIUDAD'),
('658745', 'HERON', 'MADAL BAL'),
('6587458', 'SOLARGUAT', 'CIUDAD'),
('665874658', 'QUIMERA', 'CIUDAD'),
('71368361', 'SERCONET', 'CIUDAD'),
('7186827', 'ECOINSA', '17 AVENIDA 0-20 ZONA 8 CIUDAD SAN CRISTOBAL MIXCO'),
('734368k', 'AGROMAR', 'RIO DULCE'),
('736449', 'FERRETERIA EL GLOBO S.A', '7 AVENIDA 9-62 ZONA 1 GUATEMALA'),
('7374520', 'VALVOLINE', 'CIUDAD'),
('753826k', 'AGROINDUSTRIAL LA COFERSA', '1 CALLE Y 1 AVE BARRIO SAN PEDRO EL PITO LOCAL 3 PLAZA PALMERAS ZONA 2 ESCUINTLA'),
('789700', 'REVENSA', 'CIUDAD'),
('81030703', 'ZUMA', 'CIUDAD'),
('854568', 'PRICASA', 'CIUDAD'),
('85785658', 'DIESEL TOOLS', 'CIUDAD'),
('86728059', 'PROGARDEN', 'CIUDAD'),
('885558885', 'RAYOVAC', 'CIUDAD'),
('963259', 'FAHONDA', 'VIA 8 CALLE MARISCAL CRUZ 5-34, ZONA 4'),
('98226886', 'MILITA SOCIEDAD ANONIMA', '4TA CALLE 10MA AVENIDA ESQUINA ZONA 1C.C. LA MOLIENDA'),
('987458', 'CEMACO', 'CIUDAD'),
('990291971', 'CONECTA S.A', '13 AV. 01-98 SECTOR B1, ZONA 8 MIXCO GUATEMALA'),
('CF', 'TECUN', 'CIUDAD');

-- --------------------------------------------------------

--
-- Estructura de tabla para la tabla `repuesto`
--

CREATE TABLE `repuesto` (
  `codigo` varchar(45) NOT NULL,
  `descripcion` varchar(65) NOT NULL,
  `cantidad` int(11) DEFAULT NULL,
  `precio` float(12,2) DEFAULT NULL,
  `url_imagen` varchar(200) DEFAULT NULL,
  `marca_id_marca` int(11) NOT NULL,
  `type` varchar(11) DEFAULT 'B'
) ENGINE=InnoDB DEFAULT CHARSET=utf8mb4;

--
-- Volcado de datos para la tabla `repuesto`
--

INSERT INTO `repuesto` (`codigo`, `descripcion`, `cantidad`, `precio`, `url_imagen`, `marca_id_marca`, `type`) VALUES
('03620221MP036', 'MEMORIA RAM DDR3 1RX8 PC3 12800U 4GB', 0, 300.00, '../img/productos/c528f4bdbddc7ff1b72e919055505309.webp', 203, 'B'),
('1045254', 'IMPRESION DE TRABAJOS ESCOLARES', 99786, 1.00, '0', 8, 'S'),
('11780263', 'UV240 MEMORIA USB CLASIC 32GB', 0, 50.00, '../img/productos/1dc602532a4ba34166d5289fa8c13654.jpg', 205, 'B'),
('13154140113008', 'BORRADOR BLANCO MAPED', 9, 2.00, '../img/productos/55f5d834cc39104fea5eb2569967874a.jpg', 209, 'B'),
('13154140630826', '063082 SACA PUNTAS VARIOS COLORES', 26, 1.25, '../img/productos/74e94a9ebfc485f7ce507de599bacbf9.jpg', 209, 'B'),
('1957352201373', 'IME-1242 CABLE TIPO SATA', 1, 5.00, '../img/productos/874d7d9df39bd278d6d04a21223c4599.jpg', 204, 'B'),
('1957352201427', 'IME-14521M CABLE VGA MACHO A MACHO 6 PIES', 0, 25.00, '../img/productos/b476be2e07c1cbdb54fb3f13af4c50c1.jpg', 204, 'B'),
('1957352201496', 'IME-16152 CABLE DE PODER ESTANDAR', 1, 20.00, '../img/productos/64cbf56753d8c044316e9fe36cf52707.jpg', 204, 'B'),
('1957352201564', 'IME-19623 CABLE DE PODER PARA LAPTOP', 0, 20.00, '../img/productos/1723d3ea6f815f6f3506eaca319fec67.webp', 204, 'B'),
('1957352201656', 'IME-19431 CABLE HDMI 3.0 MTS', 0, 35.00, '../img/productos/d0744449e610606fd49832fbdf1dfc6a.jpg', 204, 'B'),
('1957358801287', 'IME-20320SP TECLADO ULTRA DELGADO EN ESPAñOL', 0, 50.00, '../img/productos/fa667f64168a06a2c7987167b4864384.jpg', 204, 'B'),
('1957359932218', 'IME-27260 MOUSE USB GAMING PYTHON VENOM', 0, 75.00, '../img/productos/5ba531168965c505316f7f119247a0b0.jpg', 204, 'B'),
('2585258914562', '735060  CABLE EXTENSION USB MACHO A HEMBRA', 1, 25.00, '../img/productos/ec6493b11dc7f2e41d99f754a7bfa08c.jpg', 206, 'B'),
('3698725963075', 'LIMP 013 PASTA TERMICA ETOUCH 2 GRS', 0, 20.00, '../img/productos/ebc621e35592e541a607e1179d1c8f21.jpg', 206, 'B'),
('4712302210945', 'CLIPS JUMBO DE COLORES 50MM', 0, 1.00, '../img/productos/166281196e8896339d9f0dfbd760fd07.jpg', 211, 'B'),
('4713218465368', '11780151 MEMORIA USB FLASH DRIVE UV240 CLASSIC 16GB', 0, 50.00, '../img/productos/4ff6935137fb1b2935c02c9930512f06.jpg', 205, 'B'),
('4713435791912', '11480043 MEMORIA USB FLASH DRIVE C906 CLASSIC 32GB', 0, 65.00, '../img/productos/4ca733f4dfa4669b129e1d41ad188319.jpg', 205, 'B'),
('5352895478408', 'KM-819 TECLADO MULTIMEDIA USB 2.0', 0, 90.00, '../img/productos/ea06edb7110e53f5f4763025860a73ba.jpg', 206, 'B'),
('5352895478651', 'CAB 030 CABLE HDMI 19 PIN 1.80 MTS', 0, 35.00, '../img/productos/d175c73456dbf3e7507a4a9f2386c45d.jpg', 206, 'B'),
('654862046623', 'G616 MOUSE GAMING EAGLE WARRIOR', 0, 75.00, '../img/productos/d99cc900f0ed26c0ccd66cb6ac62cb53.webp', 123, 'B'),
('6954201905142', 'ACC 039 HANSFREE SAMSUNG GENERICO S10+', 0, 25.00, '../img/productos/30ed06a5673a5e35aa4c534e6a197325.jpg', 165, 'B'),
('6970335210259', 'CLIPS BINDER 25MM 1 PLG', 0, 1.00, '../img/productos/2539f8579acbecf8369b8dd10014c5a5.jpg', 212, 'B'),
('6972174158297', 'RC-138A CABLE TIPO C, 2.4A 1 MT, BLANCO', 2, 20.00, '../img/productos/0c85217eed0e521dfc412c86f8f4a9a1.jpg', 214, 'B'),
('7401007600409', 'PEGAMENTO ESCOLAR TUCAN 60G', 0, 4.00, '../img/productos/cc172d08880c5d32c2566eec1f639633.jpg', 208, 'B'),
('7401007600416', 'PEGAMENTO ESCOLAR 125G TUCAN', 0, 7.00, '../img/productos/b0f7fc58dd9cece16fbe21174707ea94.jpg', 208, 'B'),
('740617298680', 'SDCS2/32G MEMORIA MICROSD 100MB/S CANVAS ', 0, 59.00, '../img/productos/87779946bc862690fe178f7895a65f9d.jpg', 203, 'B'),
('7750082045583', 'FASTNER PLASTICO 80MM', 0, 0.50, '../img/productos/99a38791b18a0de4c38d391f57ae559b.jpg', 210, 'B'),
('ES202110223V6', 'MOUSE ALAMBRICO GAMING V6', 0, 75.00, '../img/productos/3b49f481b75962b74b0e8dcb8378ad11.jpg', 213, 'B'),
('ES202110223X7', 'MOUSE ALAMBRICO X7 GAMING', 0, 80.00, '../img/productos/9a77b806e1273871a43e566cca8f4e9a.jpg', 213, 'B'),
('ES202110223X9', 'MOUSE ALAMBRICO X9 GAMMING', 0, 80.00, '../img/productos/9aa398b1be75daa46911e1932619f705.jpg', 213, 'B'),
('KB-240', 'TECLADO GAMER X-LION USB KB-240 ONE COLOR RAINBOW W19 KEY', 0, 130.00, '../img/productos/683715d3359ae35e9fd27437683be45d.jpg', 213, 'B'),
('MICRO034', 'MEMORIA MICROSD 32GB', 0, 59.00, '0', 203, 'B'),
('RP001', 'MANO DE OBRA POR REPARACION DE COMPUTADORA ', 994, 150.00, '../img/productos/3afe3deb81618bbef5f32e103b8e9b4e.webp', 8, 'S'),
('SSD004', 'UNIDAD DE ESTADO SOLIDO KINGSTON SA400 240GB', 0, 375.00, '../img/productos/c1351799cb8d02370308164d1c54793e.webp', 203, 'B');

-- --------------------------------------------------------

--
-- Estructura de tabla para la tabla `rol`
--

CREATE TABLE `rol` (
  `idrol` int(11) NOT NULL,
  `descripcion` varchar(45) DEFAULT NULL
) ENGINE=InnoDB DEFAULT CHARSET=utf8mb4;

--
-- Volcado de datos para la tabla `rol`
--

INSERT INTO `rol` (`idrol`, `descripcion`) VALUES
(1, 'VENTAS'),
(2, 'ADMINISTRADOR'),
(3, 'MECANICO');

-- --------------------------------------------------------

--
-- Estructura de tabla para la tabla `telefono_cliente`
--

CREATE TABLE `telefono_cliente` (
  `id_telefono` int(11) NOT NULL,
  `descripcion` varchar(45) DEFAULT NULL,
  `cliente_id_cliente` int(11) NOT NULL
) ENGINE=InnoDB DEFAULT CHARSET=utf8mb4;

--
-- Volcado de datos para la tabla `telefono_cliente`
--

INSERT INTO `telefono_cliente` (`id_telefono`, `descripcion`, `cliente_id_cliente`) VALUES
(1, '41200895', 1),
(2, '58749582', 2),
(3, '3225', 5),
(4, '65854785', 4),
(5, '65854785', 4),
(6, '54789852', 6),
(7, '45124578', 7),
(8, '58587854', 8),
(9, '33745745', 9),
(10, '56510416', 10),
(11, '48555706', 11),
(12, '37399698', 12),
(13, '46620949', 13),
(14, '-3753', 14),
(15, '1176', 15),
(16, '48105802', 16),
(21, '41200895', 19),
(22, '-4239', 17),
(24, '38296746', 20),
(25, '53170287', 21),
(26, '32358591', 22),
(27, '41286842', 23),
(30, '40772746', 24),
(31, '0', 25),
(32, '40848858', 26),
(34, '48050291', 27),
(36, '41485612', 28),
(37, '47976369', 29),
(38, '31032976', 30),
(39, '53508344', 31),
(40, '0', 32),
(41, '7930-5129', 33),
(42, '59043181', 34),
(43, '79305069', 35),
(44, '55507703', 36),
(45, '32257660', 37),
(46, '50050675', 38),
(47, '40156335', 39),
(48, '0', 40),
(49, '59234519', 41),
(50, '0', 42),
(51, '79497815', 43),
(52, '55296398', 44),
(53, '50363320', 45),
(54, '0', 46),
(55, '58119793', 47),
(56, '51741182', 48),
(57, '58026371', 49),
(58, '0', 50),
(59, '51898449', 51),
(60, '0', 52),
(61, '57258965', 53),
(62, '30531610', 54),
(63, '0', 55),
(64, '58005926', 56),
(65, '57156926', 57),
(66, '0', 58),
(67, '59944888', 59),
(68, '0', 60),
(69, '0', 61),
(70, '32615889', 62),
(71, '42141182', 63),
(72, '32388923', 64),
(73, '45273606', 65),
(74, '50010941', 66),
(75, '0', 67),
(76, '57028333', 68),
(77, '40131934', 69),
(78, '53097820', 70),
(79, '52050121', 71),
(80, '58653867', 72),
(81, '30979173', 73),
(82, '0', 74),
(83, '31081028', 75),
(84, '56266908', 76),
(85, '0', 77),
(86, '55534541', 78),
(87, '36017449', 79),
(88, '0', 80),
(89, '47705619', 81),
(90, '0', 82),
(91, '0', 83),
(92, '46664351', 84),
(93, '52046328', 85),
(94, '49034569', 86),
(95, '45801346', 87),
(96, '0', 88),
(97, '32119345', 89),
(98, '38270334', 90),
(99, '45897341', 91),
(100, '0', 92),
(101, '49473553', 93),
(102, '53775069', 94),
(103, '49421567', 95),
(104, '0', 96),
(105, '0', 97),
(106, '55230638', 98),
(107, '59325115', 99),
(108, '57340759', 100),
(109, '30276603', 101),
(110, '0', 102),
(111, '40030588', 103),
(112, '40654811', 104),
(113, '0', 105),
(114, '30313010', 106),
(115, '32417562', 107),
(116, '36123547', 108),
(117, '47887297', 109),
(118, '48990567', 110),
(119, '45460840', 111),
(120, '0', 112),
(121, '50095851', 113),
(122, '42951920', 114),
(123, '59364380', 115),
(124, '2786', 116),
(125, '0', 117),
(126, '0', 118),
(127, '53455798', 119),
(128, '53097015', 120),
(129, '57878320', 121),
(130, '51881873', 122),
(131, '40896444', 123),
(132, '49006014', 124),
(133, '2482', 125),
(134, '0', 126),
(135, '37231917', 127),
(136, '0', 128),
(137, '79305615', 129),
(138, '40162351', 130),
(139, '0', 131),
(140, '53432755', 132),
(141, '53432755', 133),
(142, '0', 134),
(143, '37231917', 135),
(144, '32142107', 136),
(145, '0', 137),
(146, '55290831', 138),
(147, '50100480', 139),
(148, '40407710', 140),
(149, '56978354', 141),
(150, '-3848', 142),
(151, '0', 143),
(152, '', 144),
(153, '57410196', 145),
(154, '57848475', 146),
(155, '55678695', 147),
(156, '49566690', 148),
(157, '57303095', 149),
(158, '-3896', 150),
(159, '58154305', 151),
(160, '45224543', 152),
(161, '42024212', 153),
(162, '32387880', 154),
(163, '0', 155),
(164, '57488751', 156),
(165, '48903964', 157),
(166, '37243684', 158),
(167, '50050675', 159),
(168, '33939508', 160),
(169, '40580053', 161),
(170, '46477587', 162),
(171, '58590539', 163),
(172, '30413700', 164),
(173, '38748521', 165),
(174, '0', 166),
(175, '7930-5615', 167),
(176, '0', 168),
(177, '0', 169),
(178, '0', 170),
(179, '0', 171),
(180, '0', 172),
(181, '0', 173),
(182, '0', 174),
(183, '0', 175),
(184, '0', 176),
(185, '0', 177),
(186, '0', 178),
(229, '0', 221),
(230, '0', 222),
(231, '0', 170),
(232, '0', 223),
(235, '0', 225),
(236, '0', 226),
(238, '', 227),
(252, '0', 229),
(255, '0', 224),
(256, '0', 230),
(258, '', 231),
(259, '0', 232),
(261, '0', 168),
(267, '0', 175),
(292, '0', 229),
(297, '0', 233),
(298, '0', 234),
(299, '0', 235),
(300, '0', 236),
(301, '0', 237),
(302, '0', 238),
(303, '0', 239),
(304, '0', 240),
(305, '0', 241),
(306, '0', 242),
(307, '', 243),
(308, '0', 244),
(309, '0', 245),
(310, '0', 246),
(311, '0', 247),
(312, '0', 248),
(313, '', 249),
(314, '', 250),
(315, '', 251),
(316, '', 252),
(317, '', 253);

-- --------------------------------------------------------

--
-- Estructura de tabla para la tabla `telefono_proveedor`
--

CREATE TABLE `telefono_proveedor` (
  `id_tel_prov` int(11) NOT NULL,
  `descripcion` varchar(45) NOT NULL,
  `proveedor_nit` varchar(20) NOT NULL
) ENGINE=InnoDB DEFAULT CHARSET=utf8mb4;

-- --------------------------------------------------------

--
-- Estructura de tabla para la tabla `ubicacion`
--

CREATE TABLE `ubicacion` (
  `id_ubicacion` int(11) NOT NULL,
  `descripcion` varchar(45) NOT NULL
) ENGINE=InnoDB DEFAULT CHARSET=utf8mb4;

--
-- Volcado de datos para la tabla `ubicacion`
--

INSERT INTO `ubicacion` (`id_ubicacion`, `descripcion`) VALUES
(6, 'CAJA 1'),
(7, 'CAJA 2'),
(8, 'CAJA 3'),
(9, 'CAJA 4'),
(10, 'CAJA 5'),
(11, 'CAJA 6'),
(12, 'CAJA 7'),
(13, 'CAJA 8'),
(14, 'CAJA 9'),
(15, 'CAJA 10'),
(16, 'CAJA 11'),
(17, 'CAJA 12'),
(18, 'CAJA 13'),
(19, 'CAJA 14'),
(20, 'CAJA 15'),
(21, 'CAJA 16'),
(22, 'CAJA 17'),
(23, 'CAJA 18'),
(24, 'CAJA 19'),
(25, 'CAJA 20'),
(26, 'CAJA 21'),
(27, 'CAJA 22'),
(28, 'CAJA 23'),
(29, 'CAJA 24'),
(30, 'CAJA 25'),
(31, 'CAJA 26'),
(32, 'CAJA 27'),
(33, 'CAJA 28'),
(34, 'CAJA 29'),
(35, 'CAJA 30'),
(36, 'CAJA 31'),
(37, 'CAJA 32'),
(38, 'CAJA 33'),
(39, 'CAJA 34'),
(40, 'CAJA 35'),
(41, 'CAJA 36'),
(42, 'CAJA 37'),
(43, 'CAJA 38'),
(44, 'CAJA 39'),
(45, 'CAJA 40'),
(46, 'CAJA 41'),
(47, 'CAJA 42'),
(49, '44'),
(50, 'CAJA 43'),
(51, 'CAJA 44'),
(52, 'CAJA 45'),
(53, 'CAJA 46'),
(54, 'CAJA 47'),
(55, 'CAJA  48'),
(56, 'CAJA 49'),
(57, 'CAJA 50'),
(58, 'CAJA 51'),
(59, 'CAJA 52'),
(60, 'CAJA 53'),
(61, 'CAJA 54'),
(62, 'CAJA 55'),
(63, 'CAJA 56'),
(64, 'CAJA 57'),
(65, 'CAJA 58'),
(66, 'CAJA 59'),
(67, 'CAJA 60'),
(68, 'CAJA 61'),
(69, 'CAJA 62'),
(70, 'CAJA 63'),
(71, 'CAJA 64'),
(72, 'CAJA 65'),
(73, 'CAJA 66'),
(74, 'CAJA 67'),
(75, 'CAJA 68'),
(76, 'CAJA 69'),
(77, 'CAJA 70'),
(78, 'CAJA 71'),
(79, 'CAJA 72'),
(80, 'CAJA 73'),
(81, 'CAJA 74'),
(82, 'CAJA 75'),
(83, 'CAJA 76'),
(84, 'CAJA 77'),
(85, 'CAJA 78'),
(86, 'CAJA 79'),
(87, 'CAJA 80'),
(88, 'CAJA 81'),
(89, 'SERVICIO'),
(90, 'BODEGA POR LAS GRADAS'),
(91, 'VITRINA AREA TRUPER'),
(92, 'ESTANTE 1'),
(93, 'PLATAFORMA 1'),
(94, 'EXHIBIDOR HERRAMIENTA AGRICOLA 1'),
(95, 'EXHIBIDOR DE MACHETES'),
(96, 'BODEGA ATARAS DE TALLER'),
(97, 'VITRINA VICTORINOX'),
(98, 'EXHIBIDOR TRUPER Y PRETUL'),
(99, 'EXHIBIDOR STANLEY'),
(100, 'EXHIBIDOR 1'),
(101, 'EXHIBIDOR 4'),
(102, 'EXHIBIDOR ACEITES'),
(103, 'GAVETA 1'),
(104, 'GAVETA 2'),
(105, 'GAVETA 3'),
(106, 'GAVETA 4'),
(107, 'GAVETA 5'),
(108, 'GAVETA 6'),
(109, 'GAVETA 7'),
(110, 'MOSTRADOR PRINCIPAL'),
(111, 'GAVETA 8'),
(112, 'GAVETA 9'),
(113, 'GAVETA 10'),
(114, 'B1'),
(115, 'B2'),
(116, 'B3'),
(117, 'B4'),
(118, 'B5'),
(119, 'B6'),
(120, 'B7'),
(121, 'B8'),
(122, 'B9'),
(123, 'EXHIBIDOR BOSCH'),
(124, 'EXHIBIDOR ADITIVOS'),
(125, 'GAVETA 1 EXHIBIDOR BOSCH'),
(126, 'GAVETA 2 EXHIBIDOR BOSCH'),
(127, 'GAVETA 3 EXHIBIDOR BOSCH'),
(128, 'GAVETA 4 EXHIBIDOR BOSCH'),
(129, 'EXHIBIDOR STIHL'),
(130, 'HASA 1'),
(131, 'HASA 2'),
(132, 'HASA 3'),
(133, 'HASA 4'),
(134, 'HASA 5'),
(135, 'HASA 6'),
(136, 'HASA 7'),
(137, 'HASA 8'),
(138, 'HASA 9'),
(139, 'GAVETA 11'),
(140, 'GAVETA 12'),
(141, 'GAVETA 13'),
(142, 'PLATAFORMA 2'),
(143, 'EXIHIBIDOR MAKITA'),
(144, 'EXHIBIDOR ACCESORIOS MAKITA'),
(145, 'EXHIBIDOR IRWIN'),
(146, 'EXHIBIDOR GENERICO'),
(147, 'MOSTRADOR 3'),
(148, 'B2'),
(149, 'AREA DE COLGAR HASA'),
(150, 'AREA DE COLGAR STIHL'),
(151, 'MOSTRADOR 2'),
(152, 'EXHIBIDOR 1');

-- --------------------------------------------------------

--
-- Estructura de tabla para la tabla `usuario`
--

CREATE TABLE `usuario` (
  `codigo` varchar(20) NOT NULL,
  `n_usuario` varchar(45) NOT NULL,
  `empleado_id_empleado` int(11) NOT NULL,
  `rol_idrol` int(11) NOT NULL,
  `pass` varchar(200) DEFAULT NULL
) ENGINE=InnoDB DEFAULT CHARSET=utf8mb4;

--
-- Volcado de datos para la tabla `usuario`
--

INSERT INTO `usuario` (`codigo`, `n_usuario`, `empleado_id_empleado`, `rol_idrol`, `pass`) VALUES
('1234', 'MVASQUEZ', 3, 2, '$2y$12$IHlohR1WYbX5xbf3/BDvhu.qHrIr9FiQiNKPt5QUc4jYRax9hKT3W'),
('12345', 'EPORTAL', 1, 1, '$2y$12$u9tqdKkNDIM68zXfER9RHudQgWLmVGCLguwuY9POeF7uiWqOF31j6'),
('123456', 'PEDRO', 4, 3, '$2y$12$93Go4BOKp1puEYriJVsxiuOCLLATLKN./0443rhseSpG.z.00sAYm'),
('261081', 'CESAR', 7, 3, '$2y$12$edFE4AfHsSNfxFMlZahO0eZsejOGH7SLQdkKs/uFM.EcuQXrsTJI6'),
('52528', 'MSALVADOR', 5, 1, '$2y$12$7..QVOzL5Dac7ic2dK6bRu2bawiDYfIYhiiNZUNQLmly96fb.0lWW'),
('57830948', 'HENRY', 2, 1, '$2y$12$uiqVMY5sNp53IwE2IaZfKOR7JtPWledozJYfbvWwataMK4eat4Lna'),
('57830948DEON', 'ADMIN 1', 2, 2, '$2y$12$dXM7StzWclgvmQvqVSNvmOdxIKQqGV/KhA6k71Z5Cveh2AmcGndje'),
('CHOKITO21', 'DARWIN', 8, 3, '$2y$12$kO9EXig5AIFRj2bCzJ/v8eTtONen5xN1VrJqn4T6Zu8tS0dnF4jgK'),
('FLACO1996', 'MARVIN', 6, 1, '$2y$12$qBiirP.2J0V8qzHeNJzRcuchNvlU1Ro2VOyhORQIVbNodyK.7qGGK'),
('JUSTINBI994', 'MARIASB', 9, 1, '$2y$12$sfLXU9.N/TsQp4XKvNl4jukMcDmTLvU4TnXuzgECd1IRdxS3b7UhG');

-- --------------------------------------------------------

--
-- Estructura de tabla para la tabla `venta`
--

CREATE TABLE `venta` (
  `idventa` int(11) NOT NULL,
  `facturado` int(11) DEFAULT NULL,
  `fecha` datetime DEFAULT current_timestamp(),
  `usuario` varchar(20) DEFAULT NULL,
  `cliente_nit` varchar(40) DEFAULT NULL,
  `uuid` varchar(200) DEFAULT NULL,
  `certifier` varchar(100) DEFAULT NULL,
  `tax_code` varchar(100) DEFAULT NULL,
  `invoice_url` varchar(200) DEFAULT NULL,
  `sat_serie` varchar(100) DEFAULT NULL,
  `sat_no` varchar(100) DEFAULT NULL,
  `sat_authorization` varchar(200) DEFAULT NULL,
  `certification_date` varchar(200) DEFAULT NULL,
  `estado_dte` int(9) DEFAULT 0
) ENGINE=InnoDB DEFAULT CHARSET=utf8mb4;

--
-- Volcado de datos para la tabla `venta`
--

INSERT INTO `venta` (`idventa`, `facturado`, `fecha`, `usuario`, `cliente_nit`, `uuid`, `certifier`, `tax_code`, `invoice_url`, `sat_serie`, `sat_no`, `sat_authorization`, `certification_date`, `estado_dte`) VALUES
(1219, 1, '2022-03-13 20:45:07', '57830948DEON', NULL, NULL, NULL, NULL, NULL, NULL, NULL, NULL, NULL, 0),
(1220, 1, '2022-03-14 08:32:43', '57830948', NULL, NULL, NULL, NULL, NULL, NULL, NULL, NULL, NULL, 0),
(1221, 1, '2022-04-01 20:15:55', '57830948', '167', 'C251C9E8-AD55-47BD-84CF-98B076D3FA62', 'CONTAP, S.A.', '98978802', '', 'null', 'null', 'null', 'null', 0),
(1222, 1, '2022-04-19 21:02:24', '57830948', '160', NULL, NULL, NULL, NULL, NULL, NULL, NULL, NULL, 0),
(1223, 1, '2022-05-02 20:40:53', '57830948', '160', NULL, NULL, NULL, NULL, NULL, NULL, NULL, NULL, 0),
(1224, 1, '2022-05-02 20:42:53', '57830948', '5', 'FD3A3292-8617-4CF2-BDA2-FE7699DDC8CF', 'CONTAP, S.A.', '98978802', '', 'null', 'null', 'null', 'null', 0),
(1225, 1, '2022-05-04 20:24:22', '57830948', '108', NULL, NULL, NULL, NULL, NULL, NULL, NULL, NULL, 0),
(1226, 1, '2022-05-21 19:12:09', '57830948', '108', NULL, NULL, NULL, NULL, NULL, NULL, NULL, NULL, 0),
(1227, 1, '2022-06-03 18:26:01', '57830948', '144', '29C9562D-1C9A-4AD5-877E-DF64E490ED5A', 'CONTAP, S.A.', '98978802', '', 'null', 'null', 'null', 'null', 0),
(1228, 2, '2022-06-05 18:39:13', '57830948', NULL, NULL, NULL, NULL, NULL, NULL, NULL, NULL, NULL, 0),
(1229, 1, '2022-06-06 15:20:36', '57830948', '14', NULL, NULL, NULL, NULL, NULL, NULL, NULL, NULL, 0),
(1230, 1, '2022-07-01 20:59:29', '57830948', '5', '2B22112C-89E0-465D-B914-8DBA8A94FF03', 'CONTAP, S.A.', '98978802', '', 'null', 'null', 'null', 'null', 0),
(1231, 1, '2022-08-02 09:43:15', '57830948', '5', 'E33A70EA-056E-42F9-9F4F-941B68261757', 'CONTAP, S.A.', '98978802', '', 'null', 'null', 'null', 'null', 0),
(1232, 1, '2022-09-01 19:58:50', '57830948', NULL, NULL, NULL, NULL, NULL, NULL, NULL, NULL, NULL, 0),
(1233, 1, '2022-09-27 00:58:24', '57830948', '176', '8B10B953-70B4-48A5-86F3-F9D246135B07', 'CONTAP, S.A.', '98978802', '', 'null', 'null', 'null', 'null', 0),
(1234, 1, '2022-09-27 01:17:43', '57830948', '176', '53E3A4F5-7187-4BCE-BE7C-BB317C9DD29D', 'CONTAP, S.A.', '98978802', '', 'null', 'null', 'null', 'null', 0),
(1235, 1, '2022-09-27 11:17:19', '57830948DEON', '144', 'BA032F72-9E0F-4463-84BD-D403A2F21C15', 'CONTAP, S.A.', '98978802', '', 'null', 'null', 'null', 'null', 0),
(1236, 1, '2022-09-28 21:13:36', '57830948', '188', '669E5B9D-E8D5-4B4F-BE73-C4D3C2408280', 'CONTAP, S.A.', '98978802', '', 'null', 'null', 'null', 'null', 0),
(1237, 1, '2022-09-28 22:22:52', '57830948', '194', '3AFF0BAB-2E71-409C-8DCE-CFC58219D251', 'CONTAP, S.A.', '98978802', '', 'null', 'null', 'null', 'null', 0),
(1238, 1, '2022-09-28 22:40:31', '57830948', '216', 'F7F1093A-678F-4AA8-9765-E76AB5B6D9D5', 'CONTAP, S.A.', '98978802', '', 'null', 'null', 'null', 'null', 0),
(1239, 1, '2022-09-29 22:06:44', '57830948', '217', '7CC62F4F-0DA4-40B1-A480-A78D99BCF868', 'CONTAP, S.A.', '98978802', '', 'null', 'null', 'null', 'null', 0),
(1240, 1, '2022-09-29 22:17:35', '57830948', '218', '87336FCE-4D51-4DFB-9CA2-A189DD757518', 'CONTAP, S.A.', '98978802', '', 'null', 'null', 'null', 'null', 0),
(1241, 1, '2022-09-29 22:24:01', '57830948', '219', 'CC6B03AB-E972-413A-879C-829E45D767B2', 'CONTAP, S.A.', '98978802', '', 'null', 'null', 'null', 'null', 0),
(1242, 1, '2022-09-29 22:26:51', '57830948', '220', 'BAF85B24-D5EE-4625-90F1-D1E9E43DE2CE', 'CONTAP, S.A.', '98978802', '', 'null', 'null', 'null', 'null', 1),
(1243, 1, '2022-09-29 22:28:31', '57830948', '221', '4F21F644-D299-48A9-8E95-1504FB312DF1', 'CONTAP, S.A.', '98978802', '', 'null', 'null', 'null', 'null', 0),
(1244, 1, '2022-09-29 22:30:11', '57830948', '144', '85A7152F-C58C-4A44-82FC-2E1F9AC7BD17', 'CONTAP, S.A.', '98978802', '', 'null', 'null', 'null', 'null', 0),
(1245, 1, '2022-09-29 22:58:02', '57830948', '144', '962D3E89-8430-4B57-AC39-6A247F3966D0', 'CONTAP, S.A.', '98978802', '', 'null', 'null', 'null', 'null', 0),
(1246, 1, '2022-09-29 23:13:59', '57830948', '222', 'AF0E46A2-ABC9-401F-A57F-30900FE30D6D', 'CONTAP, S.A.', '98978802', '', 'null', 'null', 'null', 'null', 0),
(1247, 1, '2022-09-29 23:17:42', '57830948', '223', 'D5800821-731A-4837-BFB3-CCDBED93F912', 'CONTAP, S.A.', '98978802', '', 'null', 'null', 'null', 'null', 0),
(1248, 1, '2022-09-29 23:18:32', '57830948', '170', 'A714838F-6A15-47C1-9D0B-D45E0D79DB41', 'CONTAP, S.A.', '98978802', '', 'null', 'null', 'null', 'null', 0),
(1249, 1, '2022-09-29 23:46:42', '57830948', '227', '285A2C99-4F9D-41CE-8BCD-691ED73CD749', 'CONTAP, S.A.', '98978802', '', 'null', 'null', 'null', 'null', 0),
(1250, 1, '2022-10-03 19:44:18', '57830948', '224', 'FAC094EC-8924-4B34-AD45-1B17701E9B4B', 'CONTAP, S.A.', '98978802', '', 'null', 'null', 'null', 'null', 0),
(1251, 1, '2022-10-03 22:46:40', '57830948', '224', '8D949ED0-6FD8-42DC-997C-231558E2D3DD', 'CONTAP, S.A.', '98978802', '', 'null', 'null', 'null', 'null', 0),
(1252, 1, '2022-10-04 00:36:52', '57830948', '224', '2F839B2D-2B10-4ACA-93CB-6B3F944EF066', 'CONTAP, S.A.', '98978802', '', 'null', 'null', 'null', 'null', 0),
(1253, 1, '2022-10-04 00:48:27', '57830948', '227', '9290D7FF-011F-4EC6-89DC-6D963DD17079', 'CONTAP, S.A.', '98978802', '', 'null', 'null', 'null', 'null', 0),
(1254, 1, '2022-10-04 01:00:54', '57830948', '227', 'null', 'null', 'null', '', 'null', 'null', 'null', 'null', 0),
(1255, 1, '2022-10-04 10:03:09', '57830948', '224', '5DD28C07-4AF4-4480-B342-8586B64882A3', 'CONTAP, S.A.', '98978802', '', 'null', 'null', 'null', 'null', 0),
(1256, 1, '2022-10-04 10:32:01', '57830948', '227', 'B945B1D0-A9BE-415E-B2B0-144DCF1EB77E', 'CONTAP, S.A.', '98978802', '', 'DDC2DCFE', '3847833782', 'DDC2DCFE-E559-48B6-973D-9A1CC87AE07C', '2022-10-04 19:45:54', 0),
(1257, 1, '2022-10-04 21:55:12', '57830948', '224', 'FA06EA25-3F11-44B4-B300-EE67F2464B04', 'CONTAP, S.A.', '98978802', '', 'ABA4BCDF', '2611300859', 'ABA4BCDF-9BA5-49FB-9294-443C0D363FC7', '2022-10-04 19:56:02', 0),
(1258, 1, '2022-10-05 21:08:29', '57830948', '224', '5CE34F82-0C81-43B6-A70E-004B04077BDB', 'CONTAP, S.A.', '98978802', '', 'FBE138F5', '804605429', 'FBE138F5-2FF5-4DF5-88F3-38722E90CC5D', '2022-10-05 19:53:26', 0),
(1259, 1, '2022-10-05 22:01:17', '57830948', '228', '3E2834F9-CDF0-454A-B03F-2CF96C14B600', 'CONTAP, S.A.', '98978802', '', 'C674EC1D', '2737458271', 'C674EC1D-A32A-4C5F-8111-5DA1E47328A6', '2022-10-05 20:05:06', 0),
(1260, 1, '2022-10-06 21:58:05', '57830948', NULL, NULL, NULL, NULL, NULL, NULL, NULL, NULL, NULL, 0),
(1261, 1, '2022-10-06 22:03:12', '57830948', '224', '4269F4DD-1A47-4AAF-ACC1-88E4DCDBBEC4', 'CONTAP, S.A.', '98978802', '', '2DAA526A', '3400614609', '2DAA526A-CAB1-42D1-89E7-C2572DD8F663', '2022-10-06 20:04:07', 0),
(1262, 1, '2022-10-08 10:05:32', '57830948', '224', '2DBF9F21-4D24-4D8B-AA2D-9FCDD01CEFEE', 'CONTAP, S.A.', '98978802', '', 'CBC42A8B', '900809919', 'CBC42A8B-35B1-44BF-9D6F-30D7A85ADA96', '2022-10-08 08:06:33', 0),
(1263, 1, '2022-10-09 23:21:10', '57830948', '224', '3F4109F0-C8C2-4B11-9F50-C47D221986C5', 'CONTAP, S.A.', '98978802', '', '8A69FEBD', '3134671312', '8A69FEBD-BAD7-49D0-934D-D943B97049C6', '2022-10-09 21:21:40', 1),
(1264, 1, '2022-10-12 19:49:14', '57830948', '224', '579B48A6-E143-4C25-957C-F745EB0DAC70', 'CONTAP, S.A.', '98978802', '', 'FA181955', '2337751534', 'FA181955-8B57-41EE-9569-95AEFA085ABF', '2022-10-12 17:49:55', 0),
(1265, 1, '2022-10-13 14:54:26', '57830948', '229', 'E3567F40-ABC7-47C5-ABBC-B9BDA3B850A2', 'CONTAP, S.A.', '98978802', '', '645E3D55', '1376273852', '645E3D55-5208-45BC-B1BC-98D3E8515300', '2022-10-13 12:56:04', 0),
(1266, 1, '2022-10-13 19:31:04', 'JUSTINBI994', '224', '3532764E-B2B8-48B9-8E1E-83166955AF04', 'CONTAP, S.A.', '98978802', '', 'FDCEA844', '557597393', 'FDCEA844-213C-42D1-9D79-9A4DCF18C53C', '2022-10-13 17:33:23', 0),
(1267, 1, '2022-10-13 19:38:00', 'JUSTINBI994', '224', '177EF902-18DA-4964-B694-64231B358D0E', 'CONTAP, S.A.', '98978802', '', '389964F9', '3462414780', '389964F9-CE60-41BC-8E1F-9E1972832D66', '2022-10-13 17:38:58', 1),
(1268, 1, '2022-10-14 20:20:42', '57830948', '224', '42D7BE2C-52EA-4A1F-8FD0-5EF4B43A45A9', 'CONTAP, S.A.', '98978802', '', '41C44C41', '1164525911', '41C44C41-4569-4157-9020-38C1AC312919', '2022-10-14 18:21:49', 0),
(1269, 1, '2022-10-17 19:48:49', '57830948', '230', 'A6C6E8C3-07C8-4F18-B507-49556BE7B67B', 'CONTAP, S.A', '98978802', NULL, 'A6C6E8C3', '130567960', 'A6C6E8C3-07C8-4F18-B507-49556BE7B67B', '2022-10-17 17:50:43', 0),
(1270, 1, '2022-10-17 19:58:22', '57830948', '224', '30258E2B-D263-49C4-9B5F-EF4B9BB6CE0F', 'CONTAP, S.A.', '98978802', '', '1401BCD9', '2055163364', '1401BCD9-7A7F-4DE4-9776-7ABC87A8269B', '2022-10-17 19:37:04', 0),
(1271, 1, '2022-10-18 00:23:08', '57830948', '232', 'C0B4A53E-9B80-41F0-8FA0-FB7B73E71755', 'CONTAP, S.A.', '98978802', '', '20E7EABC', '925715791', '20E7EABC-372D-4D4F-B7CF-A478C826D70E', '2022-10-18 08:29:42', 0),
(1272, 1, '2022-10-19 23:36:11', '57830948', '224', '27F0D8E5-826A-4F42-AD27-D5C91C231480', 'CONTAP, S.A.', '98978802', '', 'E462E3E6', '3594668380', 'E462E3E6-D642-495C-A457-3D592CED497F', '2022-10-19 21:36:47', 0),
(1273, 1, '2022-10-20 10:48:36', '57830948', '168', '6175BCF0-DF02-49A4-9BD4-FE8DAC0EC2E8', 'CONTAP, S.A.', '98978802', '', '3991D99A', '540167857', '3991D99A-2032-4EB1-8972-981E74EC3A87', '2022-10-20 08:49:31', 0),
(1274, 1, '2022-10-20 19:49:33', '57830948', '224', '5866353E-4348-4589-9D78-B933811E9ACB', 'CONTAP, S.A.', '98978802', '', '3EA25B80', '880168642', '3EA25B80-3476-4EC2-803B-4251EC1A312A', '2022-10-20 17:56:30', 0),
(1275, 1, '2022-10-20 20:25:09', '57830948', '224', '8FBB437C-6C19-4E95-9426-7D3646B2F7FB', 'CONTAP, S.A.', '98978802', '', 'A739156F', '3912124380', 'A739156F-E92E-47DC-82F9-699DD456F422', '2022-10-20 18:39:27', 0),
(1276, 1, '2022-10-20 20:25:09', '57830948', '224', '32DFC4E6-1F14-4B64-A3D6-EE70AE82544B', 'CONTAP, S.A.', '98978802', '', 'F3525058', '2417643467', 'F3525058-901A-4FCB-A4A7-0E00E9272672', '2022-10-20 18:37:10', 1),
(1277, 1, '2022-10-21 21:09:44', '57830948', '224', '61B6BA72-BD7B-41D6-87DE-A386F0BBE37E', 'CONTAP, S.A.', '98978802', '', '958587F4', '1931955650', '958587F4-7327-4DC2-943F-11679478DDAA', '2022-10-21 19:10:27', 0),
(1278, 1, '2022-10-21 22:43:32', '57830948', '224', '4AEBC3A5-4276-493F-9226-A8FCE97F34FB', 'CONTAP, S.A.', '98978802', '', '8C45A391', '2322678789', '8C45A391-8A71-4405-93BD-47341ADFBC86', '2022-10-21 20:49:39', 0),
(1279, 1, '2022-10-21 22:50:41', '57830948', '175', '78D9A696-50D1-4DB0-B352-62E5A26BEEF4', 'CONTAP, S.A.', '98978802', '', 'C50601BF', '3987752313', 'C50601BF-EDB0-4579-9B1B-C6020075477F', '2022-10-21 20:52:50', 0),
(1280, 1, '2022-10-25 21:26:54', '57830948', '224', 'D4B50844-0972-46C8-8580-0CE274F9FD66', 'CONTAP, S.A.', '98978802', '', '6694116C', '2655208911', '6694116C-9E43-45CF-ABFF-A388300CB9A5', '2022-10-25 19:49:51', 0),
(1281, 1, '2022-10-25 22:00:13', '57830948', '224', 'DD19FE5A-504A-4C81-BC63-3E814E7F72EE', 'CONTAP, S.A.', '98978802', '', 'null', 'null', 'null', 'null', 0),
(1282, 1, '2022-10-25 22:55:03', '57830948', '224', '27DF89D8-97E7-4436-9569-F07268088D24', 'CONTAP, S.A.', '98978802', '', 'BBADAF26', '2663793677', 'BBADAF26-9EC6-440D-B663-EAAA5BB739A0', '2022-10-25 20:55:51', 0),
(1283, 1, '2022-10-25 22:57:28', '57830948', '224', '7735C783-5A46-41C7-AFF6-2A7926F2F19C', 'CONTAP, S.A.', '98978802', '', 'DCA545F7', '756895174', 'DCA545F7-2D1D-4DC6-829F-998046A6B6F8', '2022-10-25 20:57:55', 1),
(1284, 1, '2022-10-26 01:10:07', '57830948', '224', 'C33C40B0-AA99-41A5-B899-B81EC2A1EDF4', 'CONTAP, S.A.', '98978802', '', 'DC7A76E9', '3866905218', 'DC7A76E9-E67C-4A82-9D14-FC80F7FFEA09', '2022-10-25 23:10:42', 0),
(1285, 1, '2022-10-26 16:24:16', '57830948', '224', 'B20693CE-E79C-4CBD-9CFF-4319C938A21D', 'CONTAP, S.A.', '98978802', '', '005BFBA5', '1770078215', '005BFBA5-6981-4007-87FB-B5DADE5D1D89', '2022-10-26 14:24:48', 0),
(1286, 1, '2022-10-26 21:21:52', '57830948', '224', '6CAB7E17-A67C-4D1D-A249-02C524F67F38', 'CONTAP, S.A.', '98978802', '', '2485A20A', '3056354973', '2485A20A-B62C-469D-83C2-A4E721F31415', '2022-10-26 19:22:16', 0),
(1287, 1, '2022-10-27 19:19:42', '57830948', '224', '5D656E02-003C-4690-8BB6-7A9155312218', 'CONTAP, S.A.', '98978802', '', '85A2E991', '3079950052', '85A2E991-B794-4EE4-AFAB-E6362192986D', '2022-10-27 17:20:50', 0),
(1288, 1, '2022-10-28 23:01:24', '57830948', '224', '0DD2A6CF-6A82-4DC1-9EEC-39AEA8D43F72', 'CONTAP, S.A.', '98978802', '', 'FF5E9DD4', '3271969864', 'FF5E9DD4-C306-4C48-87A7-B957FEC5B47A', '2022-10-28 21:01:54', 0),
(1289, 1, '2022-10-29 15:21:59', '57830948', '229', 'E9186953-4BEC-49E2-9092-7263353726E9', 'CONTAP, S.A.', '98978802', '', '7B208C2A', '2474330679', '7B208C2A-937B-4A37-B848-2D517214F531', '2022-10-29 13:22:40', 0),
(1290, 1, '2022-10-31 23:22:09', '57830948', '224', '73F12F8F-BBD7-4402-ADA3-F64034C731F9', 'CONTAP, S.A.', '98978802', '', '33FE8D96', '2219787328', '33FE8D96-844F-4440-B41B-70EDD281C86F', '2022-10-31 21:22:36', 0),
(1291, 1, '2022-11-04 21:55:30', '57830948', '224', '1A988FD0-D538-4CD7-B69E-8E03F8127A79', 'CONTAP, S.A.', '98978802', '', '5C767F27', '203836514', '5C767F27-0C26-4C62-9BAA-C4008B1758F8', '2022-11-04 20:43:20', 0),
(1292, 1, '2022-11-04 21:55:30', '57830948', '224', '42A8CA0F-8452-4F4D-933F-1C6C1D78CA01', 'CONTAP, S.A.', '98978802', '', '381B3DB0', '3775221231', '381B3DB0-E105-4DEF-963C-B26AB9C64CA4', '2022-11-04 20:19:40', 1),
(1293, 1, '2022-11-04 22:48:37', '57830948', '224', '0A9DBFA9-836B-4EAE-A8E0-D925F608DD04', 'CONTAP, S.A.', '98978802', '', 'F516AF47', '872891077', 'F516AF47-3407-42C5-858A-E58EBD737E27', '2022-11-04 20:49:20', 0),
(1294, 1, '2022-11-04 22:52:51', '57830948', '227', 'B3A71E65-CB47-4991-A17A-A23F3CCCB9BA', 'CONTAP, S.A.', '98978802', '', 'B63BAA43', '2085308948', 'B63BAA43-7C4B-4A14-A1AF-5698C878D03E', '2022-11-04 20:54:09', 0),
(1295, 1, '2022-11-05 19:53:29', '57830948', '233', 'F157F13D-0A3A-4718-96C1-62A4B7D2641A', 'CONTAP, S.A.', '98978802', '', 'B2659F91', '1610827146', 'B2659F91-6003-458A-9308-89E79EE140BE', '2022-11-05 17:54:53', 0),
(1296, 1, '2022-11-05 21:50:57', '57830948', '234', '5A5BCF50-0FD0-4255-8145-53EFDC9CF1E6', 'CONTAP, S.A.', '98978802', '', 'E36DDF75', '1527597566', 'E36DDF75-5B0D-49FE-8CF6-3CE32B02BBE4', '2022-11-05 19:53:51', 0),
(1297, 1, '2022-11-08 11:17:38', '57830948', NULL, NULL, NULL, NULL, NULL, NULL, NULL, NULL, NULL, 0),
(1298, 1, '2022-11-08 13:19:41', '57830948', '227', 'DCDEB3D1-A8AD-4569-98FE-BE492D02E053', 'CONTAP, S.A.', '98978802', '', 'AAFE893A', '516444004', 'AAFE893A-1EC8-4F64-93A7-7EC716F36A36', '2022-11-08 12:20:28', 0),
(1299, 1, '2022-11-10 22:27:06', '57830948', '227', 'E0C67E10-4076-4266-A96C-BD525BF50FE0', 'CONTAP, S.A.', '98978802', '', '95961714', '500190072', '95961714-1DD0-4B78-9DD6-57CA66AB1A78', '2022-11-10 21:28:38', 0),
(1300, 2, '2022-11-12 21:58:42', '57830948DEON', NULL, NULL, NULL, NULL, NULL, NULL, NULL, NULL, NULL, 0),
(1301, 1, '2022-11-16 11:16:39', '57830948', '144', '94D796D9-A06E-4915-AFA2-7A727FC450BD', 'CONTAP, S.A.', '98978802', '', '278099CF', '88754875', '278099CF-054A-4ABB-9F9E-DAD7D43C11AB', '2022-11-16 10:20:09', 0),
(1302, 1, '2022-11-16 21:08:12', '57830948', '224', 'AFEE7E8D-5150-4D41-AB55-4D15F57B7D01', 'CONTAP, S.A.', '98978802', '', '91531F34', '2397782149', '91531F34-8EEB-4085-B4DF-2D6F2151005E', '2022-11-16 20:08:58', 0),
(1303, 1, '2022-11-21 10:23:12', '57830948', '227', '9D0249AD-3BAB-4F1D-B741-28A73E2B0691', 'CONTAP, S.A.', '98978802', '', '79D1A729', '3173271252', '79D1A729-BD24-46D4-A5E3-C8EE0FCD4795', '2022-11-21 09:25:50', 0),
(1304, 1, '2022-11-24 22:40:11', '57830948', '162', '043F0989-D3E1-4AF0-8175-D992D207E680', 'CONTAP, S.A.', '98978802', '', 'A9CD9693', '877283923', 'A9CD9693-344A-4A53-B8DE-B8301403BA58', '2022-11-24 22:05:09', 0),
(1305, 1, '2022-11-24 22:44:10', '57830948', '227', 'A3D3DCD7-A8EF-46C0-894D-4CB7D73CAB1C', 'CONTAP, S.A.', '98978802', '', 'B4DD90B2', '4128394457', 'B4DD90B2-F612-4CD9-BF5E-F35AFB8CF572', '2022-11-24 21:58:24', 0),
(1306, 1, '2022-11-29 13:54:30', '57830948', '168', '69519C06-F01C-4DEA-B5FD-11AEA50C253B', 'CONTAP, S.A.', '98978802', '', '863A301A', '2671265414', '863A301A-9F38-4686-9967-363C2EA34656', '2022-11-29 12:55:36', 0),
(1307, 1, '2022-12-01 20:37:16', '57830948', '235', NULL, 'CONTAP, S.A.', '98978802', NULL, '6967D951', '3514256843', '6967D951-D177-4DCB-89EB-87EFE48B8A19', '2022-12-01 19:41:06', 0),
(1308, 1, '2022-12-01 20:42:50', '57830948', '227', 'CD70D231-9487-4EFE-9AC0-3D0EF900AB8A', 'CONTAP, S.A.', '98978802', '', 'DF498724', '1101221687', 'DF498724-41A3-4F37-8539-5FFA9F82981C', '2022-12-01 19:43:53', 0),
(1309, 1, '2022-12-01 21:33:55', '57830948', '236', '079A57CF-8437-4C1C-862B-CF5C0A0EEF29', 'CONTAP, S.A.', '98978802', '', '489B3C44', '4078190874', '489B3C44-F314-411A-BC06-9198DDD9258B', '2022-12-01 20:34:45', 0),
(1310, 1, '2022-12-03 21:56:07', '57830948', '110', 'null', 'null', 'null', '', 'null', 'null', 'null', 'null', 0),
(1311, 1, '2022-12-04 22:05:21', '57830948', '237', '742F0B9D-DDBE-4417-A6D3-3271BC721DF0', 'CONTAP, S.A.', '98978802', '', '2CE4F9A6', '1515343794', '2CE4F9A6-5A52-4FB2-A578-B73D5AE6DD47', '2022-12-04 21:07:13', 0),
(1312, 1, '2022-12-07 22:53:44', '57830948', '238', '992BA306-AB8D-42AE-BB06-4530CCA8B697', 'CONTAP, S.A.', '98978802', '', 'AAAF207B', '2083078650', 'AAAF207B-7C29-41FA-818E-3DE25ABAF027', '2022-12-07 21:54:55', 0),
(1313, 1, '2022-12-08 22:09:25', '57830948', '224', 'F34962F5-DE2D-4614-92F8-3FE8B7A693E9', 'CONTAP, S.A.', '98978802', '', '8E1DD927', '3812377687', '8E1DD927-E33C-4457-8203-51C48C7C8EEC', '2022-12-12 22:00:09', 0),
(1314, 1, '2022-12-12 23:03:29', '57830948', '32', '4A727625-14E3-4F88-9F82-B54082D73C09', 'CONTAP, S.A.', '98978802', '', '1A5E5461', '2761573166', '1A5E5461-A49A-432E-9381-471608EDB5E0', '2022-12-12 22:05:02', 0),
(1315, 1, '2022-12-19 15:48:33', '57830948', '239', '5752F3AC-FDB5-4823-B720-115C52019ADA', 'CONTAP, S.A.', '98978802', '', '4D41E45D', '3969140116', '4D41E45D-EC94-4594-8251-5ADA3AC9AE73', '2022-12-19 14:49:40', 0),
(1316, 1, '2022-12-23 21:42:01', '57830948', '224', '44B93A49-B823-4B9E-8055-571551E9F4E7', 'CONTAP, S.A.', '98978802', '', 'D7624E9C', '855461487', 'D7624E9C-32FD-4E6F-AA7A-3F8A5B2B9927', '2022-12-23 20:42:35', 0),
(1317, 1, '2022-12-29 18:45:34', '57830948', '224', 'C7FD9403-2EA5-490C-B0E6-C77792013E51', 'CONTAP, S.A.', '98978802', '', '4BB702DC', '3947579603', '4BB702DC-EB4B-48D3-BFB7-5574580D7A85', '2022-12-29 17:46:06', 0),
(1318, 1, '2023-01-04 00:07:42', '57830948', '224', '386D9222-AE0E-4F51-B635-E910D8C4A971', 'CONTAP, S.A.', '98978802', '', 'null', 'null', 'null', 'null', 0),
(1319, 1, '2023-01-04 00:13:35', '57830948', '224', '902F5A1F-9397-40DC-B692-F2CA2C08E0EC', 'CONTAP, S.A.', '98978802', '', '46A15EF8', '4118695750', '46A15EF8-F57E-4F46-923F-48F27DA737C3', '2023-01-03 23:14:00', 0),
(1320, 1, '2023-01-04 14:47:09', '57830948', '224', '52EECA2D-9531-4F8A-853C-C685F9B64C6C', 'CONTAP, S.A.', '98978802', '', '0E2E8708', '3638380814', '0E2E8708-D8DD-490E-9EDC-B19EE6CDBBF3', '2023-01-04 13:47:50', 0),
(1321, 1, '2023-01-10 21:30:16', '57830948', '224', '79DD1FCB-743D-41B4-935F-0245B0CABEFF', 'CARI LATINOAMERICA, S.A.', '96941243', '', 'E65B29BE', '3229107635', 'E65B29BE-C078-45B3-BB2F-D51468216F7E', '2023-01-10 20:30:56', 0),
(1322, 1, '2023-01-14 17:52:11', '57830948', '224', '43CFB1F2-D61A-44E4-B352-172EAFB15430', 'CARI LATINOAMERICA, S.A.', '96941243', '', '5CEA418B', '2754824056', '5CEA418B-A433-4778-82BC-56B4A0014B8D', '2023-01-14 16:52:46', 0),
(1323, 1, '2023-01-19 23:10:23', '57830948', '227', 'F366DB64-EB4C-4541-B9E0-2E96FEC537B0', 'CARI LATINOAMERICA, S.A.', '96941243', '', 'BEF02EFC', '577455372', 'BEF02EFC-226B-450C-B886-027E69B280C6', '2023-01-19 22:11:27', 0),
(1324, 1, '2023-03-05 16:33:17', '57830948', '224', 'A7F9D64F-143C-44F4-B599-868C13F49F76', 'CARI LATINOAMERICA, S.A.', '96941243', '', '1D9FEB93', '489310929', '1D9FEB93-1D2A-4AD1-912A-69DCD61C13BD', '2023-03-05 16:30:40', 0),
(1325, 1, '2023-03-05 17:37:08', '57830948', '242', '5384564F-7A96-448A-9E76-CDE79B4CB2C1', 'CARI LATINOAMERICA, S.A.', '96941243', '', '3A8EFD40', '2272151318', '3A8EFD40-876E-4716-9C1F-DEC403227968', '2023-03-05 16:38:37', 0),
(1326, 1, '2023-03-06 15:04:03', '57830948', '224', 'CC5FC81D-F9B0-45E3-B51A-EB8CAC2ABB9D', 'CARI LATINOAMERICA, S.A.', '96941243', '', '16A50C7B', '588205435', '16A50C7B-230F-4D7B-AF7A-CB77891AC0EC', '2023-03-06 14:13:25', 0),
(1327, 1, '2023-03-08 22:11:49', '57830948', '231', '38621C56-F566-48D4-9DA9-3E968D4813FA', 'CARI LATINOAMERICA, S.A.', '96941243', '', '6A919D80', '985876122', '6A919D80-3AC3-469A-86D5-A6B2A4D6B87B', '2023-03-08 21:18:53', 0),
(1328, 1, '2023-03-09 15:05:23', '57830948', '244', '05308DF4-787B-4FBA-8027-C3C02414AECB', 'CARI LATINOAMERICA, S.A.', '96941243', '', 'C9FDB8B3', '1469402971', 'C9FDB8B3-5795-4F5B-8A8A-F0BAFFA7A165', '2023-03-09 14:07:31', 0),
(1329, 1, '2023-03-15 23:54:47', '57830948', '245', '51A6F8CD-FA51-40EA-923E-287694E4C27B', 'CARI LATINOAMERICA, S.A.', '96941243', '', 'EE171892', '4097395598', 'EE171892-F439-4B8E-9F0D-B9E2516755BD', '2023-03-15 21:56:50', 0),
(1330, 1, '2023-05-20 22:40:40', '57830948', '243', '32DC5603-BB12-407F-802C-5FC36009E9BC', 'CARI LATINOAMERICA, S.A.', '96941243', '', '4CD7044E', '739459083', '4CD7044E-2C13-400B-99D8-52476E3A7839', '2023-05-20 20:57:15', 0),
(1331, 1, '2023-05-27 14:37:00', '57830948', '248', '1B7B6DE3-461E-4B63-9C07-DB05E38949B2', 'CARI LATINOAMERICA, S.A.', '96941243', '', 'D96DF8E7', '2741651680', 'D96DF8E7-A36A-48E0-8D15-0B1DC35F04FA', '2023-05-27 12:38:17', 0),
(1332, 1, '2023-05-27 15:02:44', '57830948', '249', '4792EFC3-E9CE-4C16-9C24-4548C592E613', 'CARI LATINOAMERICA, S.A.', '96941243', '', '588172F3', '2852012805', '588172F3-A9FE-4305-B544-04B737F7256B', '2023-05-27 13:07:17', 0),
(1333, 1, '2023-05-31 00:24:12', '57830948', '227', 'C0465E15-364A-4C22-8670-AB47D738365A', 'CARI LATINOAMERICA, S.A.', '96941243', '', '2686B0E8', '1868646441', '2686B0E8-6F61-4829-BFA2-DBD90345B710', '2023-05-30 22:25:33', 0),
(1334, 1, '2023-06-09 13:04:56', '57830948', '250', '4199283C-07D2-4C7D-9044-E318593D4AAA', 'CARI LATINOAMERICA, S.A.', '96941243', '', 'AB1FDD76', '3373680420', 'AB1FDD76-C916-4724-A565-B235EAC78D30', '2023-06-09 11:06:02', 0),
(1335, 1, '2023-06-09 13:08:01', '57830948', '251', '2A221AC7-AD4A-444C-BF37-6F34E9FEEB36', 'CARI LATINOAMERICA, S.A.', '96941243', '', 'F2829700', '154747216', 'F2829700-0939-4150-A5FD-1395808471E0', '2023-06-09 11:09:03', 0),
(1336, 1, '2023-06-11 11:52:06', '57830948', '224', '933725C4-1130-40F0-9A9C-02E99C17F2EC', 'CARI LATINOAMERICA, S.A.', '96941243', '', '471699C4', '3777514989', '471699C4-E128-4DED-B9A7-164AB859109F', '2023-06-11 09:52:24', 0),
(1337, 1, '2023-06-12 11:26:54', '57830948', '252', '9ADEA352-6E4B-4B9F-B72C-7251E5E1A63F', 'CARI LATINOAMERICA, S.A.', '96941243', '', 'A0137F2C', '1302283803', 'A0137F2C-4D9F-461B-806F-BF54F86CC75D', '2023-06-12 12:28:44', 0),
(1338, 1, '2023-06-21 13:01:11', '57830948', '253', '906B4300-0031-4EE5-B229-27DD76FE9509', 'CARI LATINOAMERICA, S.A.', '96941243', '', '1423167C', '1194475814', '1423167C-4732-4126-B47C-2AA59A9A502F', '2023-06-22 16:44:50', 0);

--
-- Índices para tablas volcadas
--

--
-- Indices de la tabla `cliente`
--
ALTER TABLE `cliente`
  ADD PRIMARY KEY (`id_cliente`);

--
-- Indices de la tabla `detalle_inventario`
--
ALTER TABLE `detalle_inventario`
  ADD PRIMARY KEY (`iddetalle_venta`),
  ADD KEY `fk_detalle_venta_detalle_repuesto1_idx` (`detalle_repuesto_iddetalle_repuesto`),
  ADD KEY `fk_detalle_venta_usuario1_idx` (`usuario_codigo`),
  ADD KEY `fk_detalle_venta_repuesto1_idx` (`repuesto_codigo`),
  ADD KEY `fk_detalle_inventario_inventario1_idx` (`inventario_idinventario`);

--
-- Indices de la tabla `detalle_moto`
--
ALTER TABLE `detalle_moto`
  ADD PRIMARY KEY (`iddetalle_moto`),
  ADD KEY `fk_detalle_moto_cliente2_idx` (`cliente_id_cliente1`),
  ADD KEY `fk_detalle_moto_moto1_idx` (`moto_id_moto`),
  ADD KEY `fk_detalle_moto_usuario1_idx` (`usuario_codigo`);

--
-- Indices de la tabla `detalle_repuesto`
--
ALTER TABLE `detalle_repuesto`
  ADD PRIMARY KEY (`iddetalle_repuesto`),
  ADD KEY `fk_detalle_repuesto_proveedor1_idx` (`proveedor_nit`),
  ADD KEY `fk_detalle_repuesto_ubicacion1_idx` (`ubicacion_id_ubicacion`),
  ADD KEY `fk_detalle_repuesto_repuesto1_idx` (`repuesto_codigo`),
  ADD KEY `fk_detalle_repuesto_usuario1_idx` (`usuario_codigo`);

--
-- Indices de la tabla `detalle_venta`
--
ALTER TABLE `detalle_venta`
  ADD PRIMARY KEY (`iddetalle_venta`),
  ADD KEY `fk_detalle_venta_detalle_repuesto1_idx` (`detalle_repuesto_iddetalle_repuesto`),
  ADD KEY `fk_detalle_venta_usuario1_idx` (`usuario_codigo`),
  ADD KEY `fk_detalle_venta_venta1_idx` (`venta_idventa`),
  ADD KEY `fk_detalle_venta_repuesto1_idx` (`repuesto_codigo`);

--
-- Indices de la tabla `detenvio`
--
ALTER TABLE `detenvio`
  ADD PRIMARY KEY (`iddetEnvio`),
  ADD KEY `fk_detalle_venta_detalle_repuesto1_idx` (`detalle_repuesto_iddetalle_repuesto`),
  ADD KEY `fk_detalle_venta_usuario1_idx` (`usuario_codigo`),
  ADD KEY `fk_detalle_venta_repuesto1_idx` (`repuesto_codigo`),
  ADD KEY `fk_detEnvio_envio1_idx` (`envio_idventa`);

--
-- Indices de la tabla `detorden`
--
ALTER TABLE `detorden`
  ADD PRIMARY KEY (`iddetalle`),
  ADD KEY `fk_detalle_venta_detalle_repuesto1_idx` (`detalle_repuesto_iddetalle_repuesto`),
  ADD KEY `fk_detalle_venta_usuario1_idx` (`usuario_codigo`),
  ADD KEY `fk_detalle_venta_repuesto1_idx` (`repuesto_codigo`),
  ADD KEY `fk_detalle_venta_copy1_orden1_idx` (`orden_idorden`);

--
-- Indices de la tabla `empleado`
--
ALTER TABLE `empleado`
  ADD PRIMARY KEY (`id_empleado`);

--
-- Indices de la tabla `envio`
--
ALTER TABLE `envio`
  ADD PRIMARY KEY (`idventa`);

--
-- Indices de la tabla `facturafel`
--
ALTER TABLE `facturafel`
  ADD PRIMARY KEY (`idfacturaFel`),
  ADD KEY `fk_facturaFel_venta1_idx` (`venta_idventa`);

--
-- Indices de la tabla `inventario`
--
ALTER TABLE `inventario`
  ADD PRIMARY KEY (`idinventario`);

--
-- Indices de la tabla `marca`
--
ALTER TABLE `marca`
  ADD PRIMARY KEY (`id_marca`);

--
-- Indices de la tabla `moto`
--
ALTER TABLE `moto`
  ADD PRIMARY KEY (`id_moto`),
  ADD KEY `fk_moto_marca1_idx` (`marca_id_marca`);

--
-- Indices de la tabla `orden`
--
ALTER TABLE `orden`
  ADD PRIMARY KEY (`idorden`);

--
-- Indices de la tabla `proveedor`
--
ALTER TABLE `proveedor`
  ADD PRIMARY KEY (`nit`);

--
-- Indices de la tabla `repuesto`
--
ALTER TABLE `repuesto`
  ADD PRIMARY KEY (`codigo`),
  ADD KEY `fk_repuesto_marca1_idx` (`marca_id_marca`);

--
-- Indices de la tabla `rol`
--
ALTER TABLE `rol`
  ADD PRIMARY KEY (`idrol`);

--
-- Indices de la tabla `telefono_cliente`
--
ALTER TABLE `telefono_cliente`
  ADD PRIMARY KEY (`id_telefono`),
  ADD KEY `fk_telefono_cliente_cliente1_idx` (`cliente_id_cliente`);

--
-- Indices de la tabla `telefono_proveedor`
--
ALTER TABLE `telefono_proveedor`
  ADD PRIMARY KEY (`id_tel_prov`),
  ADD KEY `fk_telefono_proveedor_proveedor_idx` (`proveedor_nit`);

--
-- Indices de la tabla `ubicacion`
--
ALTER TABLE `ubicacion`
  ADD PRIMARY KEY (`id_ubicacion`);

--
-- Indices de la tabla `usuario`
--
ALTER TABLE `usuario`
  ADD PRIMARY KEY (`codigo`),
  ADD KEY `fk_usuario_empleado1_idx` (`empleado_id_empleado`),
  ADD KEY `fk_usuario_rol1_idx` (`rol_idrol`);

--
-- Indices de la tabla `venta`
--
ALTER TABLE `venta`
  ADD PRIMARY KEY (`idventa`);

--
-- AUTO_INCREMENT de las tablas volcadas
--

--
-- AUTO_INCREMENT de la tabla `cliente`
--
ALTER TABLE `cliente`
  MODIFY `id_cliente` int(11) NOT NULL AUTO_INCREMENT, AUTO_INCREMENT=254;

--
-- AUTO_INCREMENT de la tabla `detalle_inventario`
--
ALTER TABLE `detalle_inventario`
  MODIFY `iddetalle_venta` int(11) NOT NULL AUTO_INCREMENT;

--
-- AUTO_INCREMENT de la tabla `detalle_moto`
--
ALTER TABLE `detalle_moto`
  MODIFY `iddetalle_moto` int(11) NOT NULL AUTO_INCREMENT;

--
-- AUTO_INCREMENT de la tabla `detalle_repuesto`
--
ALTER TABLE `detalle_repuesto`
  MODIFY `iddetalle_repuesto` int(11) NOT NULL AUTO_INCREMENT, AUTO_INCREMENT=4397;

--
-- AUTO_INCREMENT de la tabla `detalle_venta`
--
ALTER TABLE `detalle_venta`
  MODIFY `iddetalle_venta` int(11) NOT NULL AUTO_INCREMENT, AUTO_INCREMENT=248;

--
-- AUTO_INCREMENT de la tabla `detenvio`
--
ALTER TABLE `detenvio`
  MODIFY `iddetEnvio` int(11) NOT NULL AUTO_INCREMENT;

--
-- AUTO_INCREMENT de la tabla `detorden`
--
ALTER TABLE `detorden`
  MODIFY `iddetalle` int(11) NOT NULL AUTO_INCREMENT;

--
-- AUTO_INCREMENT de la tabla `empleado`
--
ALTER TABLE `empleado`
  MODIFY `id_empleado` int(11) NOT NULL AUTO_INCREMENT, AUTO_INCREMENT=10;

--
-- AUTO_INCREMENT de la tabla `envio`
--
ALTER TABLE `envio`
  MODIFY `idventa` int(11) NOT NULL AUTO_INCREMENT, AUTO_INCREMENT=394;

--
-- AUTO_INCREMENT de la tabla `facturafel`
--
ALTER TABLE `facturafel`
  MODIFY `idfacturaFel` int(11) NOT NULL AUTO_INCREMENT, AUTO_INCREMENT=98;

--
-- AUTO_INCREMENT de la tabla `inventario`
--
ALTER TABLE `inventario`
  MODIFY `idinventario` int(11) NOT NULL AUTO_INCREMENT;

--
-- AUTO_INCREMENT de la tabla `marca`
--
ALTER TABLE `marca`
  MODIFY `id_marca` int(11) NOT NULL AUTO_INCREMENT, AUTO_INCREMENT=215;

--
-- AUTO_INCREMENT de la tabla `moto`
--
ALTER TABLE `moto`
  MODIFY `id_moto` int(11) NOT NULL AUTO_INCREMENT, AUTO_INCREMENT=65;

--
-- AUTO_INCREMENT de la tabla `orden`
--
ALTER TABLE `orden`
  MODIFY `idorden` int(11) NOT NULL AUTO_INCREMENT, AUTO_INCREMENT=32;

--
-- AUTO_INCREMENT de la tabla `rol`
--
ALTER TABLE `rol`
  MODIFY `idrol` int(11) NOT NULL AUTO_INCREMENT, AUTO_INCREMENT=4;

--
-- AUTO_INCREMENT de la tabla `telefono_cliente`
--
ALTER TABLE `telefono_cliente`
  MODIFY `id_telefono` int(11) NOT NULL AUTO_INCREMENT, AUTO_INCREMENT=318;

--
-- AUTO_INCREMENT de la tabla `telefono_proveedor`
--
ALTER TABLE `telefono_proveedor`
  MODIFY `id_tel_prov` int(11) NOT NULL AUTO_INCREMENT;

--
-- AUTO_INCREMENT de la tabla `ubicacion`
--
ALTER TABLE `ubicacion`
  MODIFY `id_ubicacion` int(11) NOT NULL AUTO_INCREMENT, AUTO_INCREMENT=153;

--
-- AUTO_INCREMENT de la tabla `venta`
--
ALTER TABLE `venta`
  MODIFY `idventa` int(11) NOT NULL AUTO_INCREMENT, AUTO_INCREMENT=1339;

--
-- Restricciones para tablas volcadas
--

--
-- Filtros para la tabla `detalle_inventario`
--
ALTER TABLE `detalle_inventario`
  ADD CONSTRAINT `fk_detalle_inventario_inventario1` FOREIGN KEY (`inventario_idinventario`) REFERENCES `inventario` (`idinventario`),
  ADD CONSTRAINT `fk_detalle_venta_detalle_repuesto10` FOREIGN KEY (`detalle_repuesto_iddetalle_repuesto`) REFERENCES `detalle_repuesto` (`iddetalle_repuesto`),
  ADD CONSTRAINT `fk_detalle_venta_repuesto10` FOREIGN KEY (`repuesto_codigo`) REFERENCES `repuesto` (`codigo`),
  ADD CONSTRAINT `fk_detalle_venta_usuario10` FOREIGN KEY (`usuario_codigo`) REFERENCES `usuario` (`codigo`);

--
-- Filtros para la tabla `detalle_moto`
--
ALTER TABLE `detalle_moto`
  ADD CONSTRAINT `fk_detalle_moto_cliente2` FOREIGN KEY (`cliente_id_cliente1`) REFERENCES `cliente` (`id_cliente`),
  ADD CONSTRAINT `fk_detalle_moto_moto1` FOREIGN KEY (`moto_id_moto`) REFERENCES `moto` (`id_moto`),
  ADD CONSTRAINT `fk_detalle_moto_usuario1` FOREIGN KEY (`usuario_codigo`) REFERENCES `usuario` (`codigo`);

--
-- Filtros para la tabla `detalle_repuesto`
--
ALTER TABLE `detalle_repuesto`
  ADD CONSTRAINT `fk_detalle_repuesto_proveedor1` FOREIGN KEY (`proveedor_nit`) REFERENCES `proveedor` (`nit`),
  ADD CONSTRAINT `fk_detalle_repuesto_repuesto1` FOREIGN KEY (`repuesto_codigo`) REFERENCES `repuesto` (`codigo`),
  ADD CONSTRAINT `fk_detalle_repuesto_ubicacion1` FOREIGN KEY (`ubicacion_id_ubicacion`) REFERENCES `ubicacion` (`id_ubicacion`),
  ADD CONSTRAINT `fk_detalle_repuesto_usuario1` FOREIGN KEY (`usuario_codigo`) REFERENCES `usuario` (`codigo`);

--
-- Filtros para la tabla `detalle_venta`
--
ALTER TABLE `detalle_venta`
  ADD CONSTRAINT `fk_detalle_venta_detalle_repuesto1` FOREIGN KEY (`detalle_repuesto_iddetalle_repuesto`) REFERENCES `detalle_repuesto` (`iddetalle_repuesto`),
  ADD CONSTRAINT `fk_detalle_venta_repuesto1` FOREIGN KEY (`repuesto_codigo`) REFERENCES `repuesto` (`codigo`),
  ADD CONSTRAINT `fk_detalle_venta_usuario1` FOREIGN KEY (`usuario_codigo`) REFERENCES `usuario` (`codigo`),
  ADD CONSTRAINT `fk_detalle_venta_venta1` FOREIGN KEY (`venta_idventa`) REFERENCES `venta` (`idventa`);

--
-- Filtros para la tabla `detenvio`
--
ALTER TABLE `detenvio`
  ADD CONSTRAINT `fk_detEnvio_envio1` FOREIGN KEY (`envio_idventa`) REFERENCES `envio` (`idventa`),
  ADD CONSTRAINT `fk_detalle_venta_detalle_repuesto11` FOREIGN KEY (`detalle_repuesto_iddetalle_repuesto`) REFERENCES `detalle_repuesto` (`iddetalle_repuesto`),
  ADD CONSTRAINT `fk_detalle_venta_repuesto11` FOREIGN KEY (`repuesto_codigo`) REFERENCES `repuesto` (`codigo`),
  ADD CONSTRAINT `fk_detalle_venta_usuario11` FOREIGN KEY (`usuario_codigo`) REFERENCES `usuario` (`codigo`);

--
-- Filtros para la tabla `detorden`
--
ALTER TABLE `detorden`
  ADD CONSTRAINT `fk_detalle_venta_copy1_orden1` FOREIGN KEY (`orden_idorden`) REFERENCES `orden` (`idorden`),
  ADD CONSTRAINT `fk_detalle_venta_detalle_repuesto12` FOREIGN KEY (`detalle_repuesto_iddetalle_repuesto`) REFERENCES `detalle_repuesto` (`iddetalle_repuesto`),
  ADD CONSTRAINT `fk_detalle_venta_repuesto12` FOREIGN KEY (`repuesto_codigo`) REFERENCES `repuesto` (`codigo`),
  ADD CONSTRAINT `fk_detalle_venta_usuario12` FOREIGN KEY (`usuario_codigo`) REFERENCES `usuario` (`codigo`);

--
-- Filtros para la tabla `moto`
--
ALTER TABLE `moto`
  ADD CONSTRAINT `fk_moto_marca1` FOREIGN KEY (`marca_id_marca`) REFERENCES `marca` (`id_marca`);

--
-- Filtros para la tabla `repuesto`
--
ALTER TABLE `repuesto`
  ADD CONSTRAINT `fk_repuesto_marca1` FOREIGN KEY (`marca_id_marca`) REFERENCES `marca` (`id_marca`);

--
-- Filtros para la tabla `telefono_cliente`
--
ALTER TABLE `telefono_cliente`
  ADD CONSTRAINT `fk_telefono_cliente_cliente1` FOREIGN KEY (`cliente_id_cliente`) REFERENCES `cliente` (`id_cliente`);

--
-- Filtros para la tabla `telefono_proveedor`
--
ALTER TABLE `telefono_proveedor`
  ADD CONSTRAINT `fk_telefono_proveedor_proveedor` FOREIGN KEY (`proveedor_nit`) REFERENCES `proveedor` (`nit`);

--
-- Filtros para la tabla `usuario`
--
ALTER TABLE `usuario`
  ADD CONSTRAINT `fk_usuario_empleado1` FOREIGN KEY (`empleado_id_empleado`) REFERENCES `empleado` (`id_empleado`),
  ADD CONSTRAINT `fk_usuario_rol1` FOREIGN KEY (`rol_idrol`) REFERENCES `rol` (`idrol`);
COMMIT;

/*!40101 SET CHARACTER_SET_CLIENT=@OLD_CHARACTER_SET_CLIENT */;
/*!40101 SET CHARACTER_SET_RESULTS=@OLD_CHARACTER_SET_RESULTS */;
/*!40101 SET COLLATION_CONNECTION=@OLD_COLLATION_CONNECTION */;
